2025-06-17 03:32:36,965 - INFO - Validating batch SGD pipeline implementation...
2025-06-17 03:32:36,966 - INFO - ✓ All required imports are available
2025-06-17 03:32:36,966 - INFO - ✓ thin_closures function signature is correct
2025-06-17 03:32:36,967 - INFO - ✓ backward_gradient_pass function is available
2025-06-17 03:32:36,967 - INFO - ✓ Implementation validation passed
2025-06-17 03:32:36,967 - INFO - Starting Batch SGD Pipeline for Maximum Entropy Inverse Learning
2025-06-17 03:32:36,979 - INFO - Loading configuration from data/cases/LEMD_EGLL/default.yaml
2025-06-17 03:32:37,925 - INFO - Using device: cpu
2025-06-17 03:32:37,926 - INFO - Cost model has 320361 trainable parameters
2025-06-17 03:32:37,938 - INFO - Loaded 315 flights from data/cases/LEMD_EGLL/all_routes.csv
2025-06-17 03:32:37,939 - INFO - Starting main training loop
2025-06-17 03:32:37,939 - INFO - 
--- Iteration 1/100 ---
2025-06-17 03:32:37,942 - INFO - Processing flight 461F6DBAW43M
2025-06-17 03:32:37,945 - ERROR - Error processing flight 461F6DBAW43M: TRES results not found for flight 461F6DBAW43M_1680805822
2025-06-17 03:32:37,945 - WARNING - Flight 461F6DBAW43M failed: TRES results not found for flight 461F6DBAW43M_1680805822
2025-06-17 03:32:37,945 - INFO - Processing flight 407D74BAW465M
2025-06-17 03:32:37,946 - ERROR - Error processing flight 407D74BAW465M: TRES results not found for flight 407D74BAW465M_1681671312
2025-06-17 03:32:37,947 - WARNING - Flight 407D74BAW465M failed: TRES results not found for flight 407D74BAW465M_1681671312
2025-06-17 03:32:37,947 - INFO - Processing flight 346316IBE31HG
2025-06-17 03:32:37,948 - ERROR - Error processing flight 346316IBE31HG: TRES results not found for flight 346316IBE31HG_1681488750
2025-06-17 03:32:37,948 - WARNING - Flight 346316IBE31HG failed: TRES results not found for flight 346316IBE31HG_1681488750
2025-06-17 03:32:37,948 - INFO - Processing flight 347288IBE31SE
2025-06-17 03:32:37,949 - ERROR - Error processing flight 347288IBE31SE: TRES results not found for flight 347288IBE31SE_1681564614
2025-06-17 03:32:37,949 - WARNING - Flight 347288IBE31SE failed: TRES results not found for flight 347288IBE31SE_1681564614
2025-06-17 03:32:37,949 - INFO - Processing flight 347287IBE31FY
2025-06-17 03:32:37,950 - ERROR - Error processing flight 347287IBE31FY: TRES results not found for flight 347287IBE31FY_1682250178
2025-06-17 03:32:37,950 - WARNING - Flight 347287IBE31FY failed: TRES results not found for flight 347287IBE31FY_1682250178
2025-06-17 03:32:37,952 - INFO - Iteration 1 completed:
2025-06-17 03:32:37,952 - INFO -   - Successful flights: 0/5
2025-06-17 03:32:37,952 - INFO -   - Average log likelihood: nan
2025-06-17 03:32:37,952 - INFO -   - Gradient norm: 0.000000
2025-06-17 03:32:37,952 - INFO -   - Processing time: 0.01s
2025-06-17 03:32:37,952 - INFO - 
--- Iteration 2/100 ---
2025-06-17 03:32:37,952 - INFO - Processing flight 344345IBE31HW
2025-06-17 03:32:37,981 - INFO - Computing thinning for flight 344345IBE31HW
2025-06-17 03:32:39,415 - ERROR - Error processing flight 344345IBE31HW: 'numpy.ndarray' object has no attribute 'to'
2025-06-17 03:32:39,415 - WARNING - Flight 344345IBE31HW failed: 'numpy.ndarray' object has no attribute 'to'
2025-06-17 03:32:39,415 - INFO - Processing flight 345691IBE31FY
2025-06-17 03:32:39,417 - ERROR - Error processing flight 345691IBE31FY: TRES results not found for flight 345691IBE31FY_1680358417
2025-06-17 03:32:39,417 - WARNING - Flight 345691IBE31FY failed: TRES results not found for flight 345691IBE31FY_1680358417
2025-06-17 03:32:39,417 - INFO - Processing flight 347344IBE31SE
2025-06-17 03:32:39,419 - ERROR - Error processing flight 347344IBE31SE: TRES results not found for flight 347344IBE31SE_1680788247
2025-06-17 03:32:39,419 - WARNING - Flight 347344IBE31SE failed: TRES results not found for flight 347344IBE31SE_1680788247
2025-06-17 03:32:39,419 - INFO - Processing flight 400AFFBAW45EM
2025-06-17 03:32:39,420 - ERROR - Error processing flight 400AFFBAW45EM: TRES results not found for flight 400AFFBAW45EM_1681986306
2025-06-17 03:32:39,420 - WARNING - Flight 400AFFBAW45EM failed: TRES results not found for flight 400AFFBAW45EM_1681986306
2025-06-17 03:32:39,420 - INFO - Processing flight 347219IBE3170
2025-06-17 03:32:39,421 - ERROR - Error processing flight 347219IBE3170: TRES results not found for flight 347219IBE3170_1680585209
2025-06-17 03:32:39,421 - WARNING - Flight 347219IBE3170 failed: TRES results not found for flight 347219IBE3170_1680585209
2025-06-17 03:32:39,421 - INFO - Iteration 2 completed:
2025-06-17 03:32:39,421 - INFO -   - Successful flights: 0/5
2025-06-17 03:32:39,421 - INFO -   - Average log likelihood: nan
2025-06-17 03:32:39,421 - INFO -   - Gradient norm: 0.000000
2025-06-17 03:32:39,421 - INFO -   - Processing time: 1.47s
2025-06-17 03:32:39,421 - INFO - 
--- Iteration 3/100 ---
2025-06-17 03:32:39,422 - INFO - Processing flight 346499IBE3170
2025-06-17 03:32:39,423 - ERROR - Error processing flight 346499IBE3170: TRES results not found for flight 346499IBE3170_1681190257
2025-06-17 03:32:39,423 - WARNING - Flight 346499IBE3170 failed: TRES results not found for flight 346499IBE3170_1681190257
2025-06-17 03:32:39,423 - INFO - Processing flight 346458IBE31SE
2025-06-17 03:32:39,424 - ERROR - Error processing flight 346458IBE31SE: TRES results not found for flight 346458IBE31SE_1681220518
2025-06-17 03:32:39,425 - WARNING - Flight 346458IBE31SE failed: TRES results not found for flight 346458IBE31SE_1681220518
2025-06-17 03:32:39,425 - INFO - Processing flight 4063DEBAW43M
2025-06-17 03:32:39,426 - ERROR - Error processing flight 4063DEBAW43M: TRES results not found for flight 4063DEBAW43M_1681495028
2025-06-17 03:32:39,426 - WARNING - Flight 4063DEBAW43M failed: TRES results not found for flight 4063DEBAW43M_1681495028
2025-06-17 03:32:39,426 - INFO - Processing flight 346386IBE31VM
2025-06-17 03:32:39,427 - ERROR - Error processing flight 346386IBE31VM: TRES results not found for flight 346386IBE31VM_1680361160
2025-06-17 03:32:39,427 - WARNING - Flight 346386IBE31VM failed: TRES results not found for flight 346386IBE31VM_1680361160
2025-06-17 03:32:39,427 - INFO - Processing flight 3472CCIBE31SE
2025-06-17 03:32:39,428 - ERROR - Error processing flight 3472CCIBE31SE: TRES results not found for flight 3472CCIBE31SE_1682256178
2025-06-17 03:32:39,428 - WARNING - Flight 3472CCIBE31SE failed: TRES results not found for flight 3472CCIBE31SE_1682256178
2025-06-17 03:32:39,428 - INFO - Iteration 3 completed:
2025-06-17 03:32:39,428 - INFO -   - Successful flights: 0/5
2025-06-17 03:32:39,428 - INFO -   - Average log likelihood: nan
2025-06-17 03:32:39,428 - INFO -   - Gradient norm: 0.000000
2025-06-17 03:32:39,428 - INFO -   - Processing time: 0.01s
2025-06-17 03:32:39,428 - INFO - 
--- Iteration 4/100 ---
2025-06-17 03:32:39,428 - INFO - Processing flight 347287IBE31FY
2025-06-17 03:32:39,430 - ERROR - Error processing flight 347287IBE31FY: TRES results not found for flight 347287IBE31FY_1681645001
2025-06-17 03:32:39,430 - WARNING - Flight 347287IBE31FY failed: TRES results not found for flight 347287IBE31FY_1681645001
2025-06-17 03:32:39,430 - INFO - Processing flight 345691IBE3170
2025-06-17 03:32:39,431 - ERROR - Error processing flight 345691IBE3170: TRES results not found for flight 345691IBE3170_1680499743
2025-06-17 03:32:39,431 - WARNING - Flight 345691IBE3170 failed: TRES results not found for flight 345691IBE3170_1680499743
2025-06-17 03:32:39,431 - INFO - Processing flight 346303IBE31ZF
2025-06-17 03:32:39,433 - ERROR - Error processing flight 346303IBE31ZF: TRES results not found for flight 346303IBE31ZF_1681544435
2025-06-17 03:32:39,433 - WARNING - Flight 346303IBE31ZF failed: TRES results not found for flight 346303IBE31ZF_1681544435
2025-06-17 03:32:39,433 - INFO - Processing flight 346147IBE3180
2025-06-17 03:32:39,434 - ERROR - Error processing flight 346147IBE3180: TRES results not found for flight 346147IBE3180_1682867243
2025-06-17 03:32:39,434 - WARNING - Flight 346147IBE3180 failed: TRES results not found for flight 346147IBE3180_1682867243
2025-06-17 03:32:39,434 - INFO - Processing flight 40093FBAW43M
2025-06-17 03:32:39,435 - ERROR - Error processing flight 40093FBAW43M: TRES results not found for flight 40093FBAW43M_1682270818
2025-06-17 03:32:39,436 - WARNING - Flight 40093FBAW43M failed: TRES results not found for flight 40093FBAW43M_1682270818
2025-06-17 03:32:39,436 - INFO - Iteration 4 completed:
2025-06-17 03:32:39,436 - INFO -   - Successful flights: 0/5
2025-06-17 03:32:39,436 - INFO -   - Average log likelihood: nan
2025-06-17 03:32:39,436 - INFO -   - Gradient norm: 0.000000
2025-06-17 03:32:39,436 - INFO -   - Processing time: 0.01s
2025-06-17 03:32:39,436 - INFO - 
--- Iteration 5/100 ---
2025-06-17 03:32:39,436 - INFO - Processing flight 400CEBBAW43M
2025-06-17 03:32:39,437 - ERROR - Error processing flight 400CEBBAW43M: TRES results not found for flight 400CEBBAW43M_1681754734
2025-06-17 03:32:39,437 - WARNING - Flight 400CEBBAW43M failed: TRES results not found for flight 400CEBBAW43M_1681754734
2025-06-17 03:32:39,437 - INFO - Processing flight 344345IBE31HW
2025-06-17 03:32:39,464 - INFO - Computing thinning for flight 344345IBE31HW
2025-06-17 03:32:40,850 - ERROR - Error processing flight 344345IBE31HW: 'numpy.ndarray' object has no attribute 'to'
2025-06-17 03:32:40,851 - WARNING - Flight 344345IBE31HW failed: 'numpy.ndarray' object has no attribute 'to'
2025-06-17 03:32:40,851 - INFO - Processing flight 405EE0BAW45EM
2025-06-17 03:32:40,853 - ERROR - Error processing flight 405EE0BAW45EM: TRES results not found for flight 405EE0BAW45EM_1682590926
2025-06-17 03:32:40,853 - WARNING - Flight 405EE0BAW45EM failed: TRES results not found for flight 405EE0BAW45EM_1682590926
2025-06-17 03:32:40,853 - INFO - Processing flight 346147IBE3180
2025-06-17 03:32:40,854 - ERROR - Error processing flight 346147IBE3180: TRES results not found for flight 346147IBE3180_1682867243
2025-06-17 03:32:40,854 - WARNING - Flight 346147IBE3180 failed: TRES results not found for flight 346147IBE3180_1682867243
2025-06-17 03:32:40,854 - INFO - Processing flight 4076CDBAW457
2025-06-17 03:32:40,856 - ERROR - Error processing flight 4076CDBAW457: TRES results not found for flight 4076CDBAW457_1680511650
2025-06-17 03:32:40,856 - WARNING - Flight 4076CDBAW457 failed: TRES results not found for flight 4076CDBAW457_1680511650
2025-06-17 03:32:40,856 - INFO - Iteration 5 completed:
2025-06-17 03:32:40,856 - INFO -   - Successful flights: 0/5
2025-06-17 03:32:40,856 - INFO -   - Average log likelihood: nan
2025-06-17 03:32:40,856 - INFO -   - Gradient norm: 0.000000
2025-06-17 03:32:40,856 - INFO -   - Processing time: 1.42s
2025-06-17 03:32:40,856 - INFO - 
--- Iteration 6/100 ---
2025-06-17 03:32:40,857 - INFO - Processing flight 344503IBE31HW
2025-06-17 03:32:40,885 - INFO - Computing thinning for flight 344503IBE31HW
2025-06-17 03:32:42,225 - ERROR - Error processing flight 344503IBE31HW: 'numpy.ndarray' object has no attribute 'to'
2025-06-17 03:32:42,225 - WARNING - Flight 344503IBE31HW failed: 'numpy.ndarray' object has no attribute 'to'
2025-06-17 03:32:42,226 - INFO - Processing flight 4076CDBAW461M
2025-06-17 03:32:42,228 - ERROR - Error processing flight 4076CDBAW461M: TRES results not found for flight 4076CDBAW461M_1682351398
2025-06-17 03:32:42,228 - WARNING - Flight 4076CDBAW461M failed: TRES results not found for flight 4076CDBAW461M_1682351398
2025-06-17 03:32:42,228 - INFO - Processing flight 400AFFBAW45EM
2025-06-17 03:32:42,229 - ERROR - Error processing flight 400AFFBAW45EM: TRES results not found for flight 400AFFBAW45EM_1680518920
2025-06-17 03:32:42,230 - WARNING - Flight 400AFFBAW45EM failed: TRES results not found for flight 400AFFBAW45EM_1680518920
2025-06-17 03:32:42,230 - INFO - Processing flight 4076CDBAW457
2025-06-17 03:32:42,231 - ERROR - Error processing flight 4076CDBAW457: TRES results not found for flight 4076CDBAW457_1680511650
2025-06-17 03:32:42,231 - WARNING - Flight 4076CDBAW457 failed: TRES results not found for flight 4076CDBAW457_1680511650
2025-06-17 03:32:42,231 - INFO - Processing flight 34660BIBE31SE
2025-06-17 03:32:42,232 - ERROR - Error processing flight 34660BIBE31SE: TRES results not found for flight 34660BIBE31SE_1682601598
2025-06-17 03:32:42,232 - WARNING - Flight 34660BIBE31SE failed: TRES results not found for flight 34660BIBE31SE_1682601598
2025-06-17 03:32:42,233 - INFO - Iteration 6 completed:
2025-06-17 03:32:42,233 - INFO -   - Successful flights: 0/5
2025-06-17 03:32:42,233 - INFO -   - Average log likelihood: nan
2025-06-17 03:32:42,233 - INFO -   - Gradient norm: 0.000000
2025-06-17 03:32:42,233 - INFO -   - Processing time: 1.38s
2025-06-17 03:32:42,233 - INFO - 
--- Iteration 7/100 ---
2025-06-17 03:32:42,233 - INFO - Processing flight 346316IBE31SE
2025-06-17 03:32:42,234 - ERROR - Error processing flight 346316IBE31SE: TRES results not found for flight 346316IBE31SE_1681395237
2025-06-17 03:32:42,234 - WARNING - Flight 346316IBE31SE failed: TRES results not found for flight 346316IBE31SE_1681395237
2025-06-17 03:32:42,235 - INFO - Processing flight 461F6DBAW43M
2025-06-17 03:32:42,235 - ERROR - Error processing flight 461F6DBAW43M: TRES results not found for flight 461F6DBAW43M_1680805822
2025-06-17 03:32:42,235 - WARNING - Flight 461F6DBAW43M failed: TRES results not found for flight 461F6DBAW43M_1680805822
2025-06-17 03:32:42,235 - INFO - Processing flight 345692IBE31SE
2025-06-17 03:32:42,236 - ERROR - Error processing flight 345692IBE31SE: TRES results not found for flight 345692IBE31SE_1681737631
2025-06-17 03:32:42,236 - WARNING - Flight 345692IBE31SE failed: TRES results not found for flight 345692IBE31SE_1681737631
2025-06-17 03:32:42,236 - INFO - Processing flight 344345IBE31HW
2025-06-17 03:32:42,237 - ERROR - Error processing flight 344345IBE31HW: TRES results not found for flight 344345IBE31HW_1681971322
2025-06-17 03:32:42,238 - WARNING - Flight 344345IBE31HW failed: TRES results not found for flight 344345IBE31HW_1681971322
2025-06-17 03:32:42,238 - INFO - Processing flight 346303IBE31ZF
2025-06-17 03:32:42,239 - ERROR - Error processing flight 346303IBE31ZF: TRES results not found for flight 346303IBE31ZF_1681458177
2025-06-17 03:32:42,239 - WARNING - Flight 346303IBE31ZF failed: TRES results not found for flight 346303IBE31ZF_1681458177
2025-06-17 03:32:42,239 - INFO - Iteration 7 completed:
2025-06-17 03:32:42,239 - INFO -   - Successful flights: 0/5
2025-06-17 03:32:42,239 - INFO -   - Average log likelihood: nan
2025-06-17 03:32:42,239 - INFO -   - Gradient norm: 0.000000
2025-06-17 03:32:42,239 - INFO -   - Processing time: 0.01s
2025-06-17 03:32:42,239 - INFO - 
--- Iteration 8/100 ---
2025-06-17 03:32:42,239 - INFO - Processing flight 400CEBBAW43M
2025-06-17 03:32:42,240 - ERROR - Error processing flight 400CEBBAW43M: TRES results not found for flight 400CEBBAW43M_1682705169
2025-06-17 03:32:42,240 - WARNING - Flight 400CEBBAW43M failed: TRES results not found for flight 400CEBBAW43M_1682705169
2025-06-17 03:32:42,240 - INFO - Processing flight 4008F1BAW45EM
2025-06-17 03:32:42,241 - ERROR - Error processing flight 4008F1BAW45EM: TRES results not found for flight 4008F1BAW45EM_1682419382
2025-06-17 03:32:42,241 - WARNING - Flight 4008F1BAW45EM failed: TRES results not found for flight 4008F1BAW45EM_1682419382
2025-06-17 03:32:42,241 - INFO - Processing flight 347219IBE31FY
2025-06-17 03:32:42,243 - ERROR - Error processing flight 347219IBE31FY: TRES results not found for flight 347219IBE31FY_1682769106
2025-06-17 03:32:42,243 - WARNING - Flight 347219IBE31FY failed: TRES results not found for flight 347219IBE31FY_1682769106
2025-06-17 03:32:42,243 - INFO - Processing flight 346458IBE31ZF
2025-06-17 03:32:42,244 - ERROR - Error processing flight 346458IBE31ZF: TRES results not found for flight 346458IBE31ZF_1682667005
2025-06-17 03:32:42,244 - WARNING - Flight 346458IBE31ZF failed: TRES results not found for flight 346458IBE31ZF_1682667005
2025-06-17 03:32:42,244 - INFO - Processing flight 347288IBE31SE
2025-06-17 03:32:42,245 - ERROR - Error processing flight 347288IBE31SE: TRES results not found for flight 347288IBE31SE_1682861490
2025-06-17 03:32:42,245 - WARNING - Flight 347288IBE31SE failed: TRES results not found for flight 347288IBE31SE_1682861490
2025-06-17 03:32:42,245 - INFO - Iteration 8 completed:
2025-06-17 03:32:42,245 - INFO -   - Successful flights: 0/5
2025-06-17 03:32:42,245 - INFO -   - Average log likelihood: nan
2025-06-17 03:32:42,245 - INFO -   - Gradient norm: 0.000000
2025-06-17 03:32:42,245 - INFO -   - Processing time: 0.01s
2025-06-17 03:32:42,245 - INFO - 
--- Iteration 9/100 ---
2025-06-17 03:32:42,245 - INFO - Processing flight 407462BAW465M
2025-06-17 03:32:42,246 - ERROR - Error processing flight 407462BAW465M: TRES results not found for flight 407462BAW465M_1682277266
2025-06-17 03:32:42,246 - WARNING - Flight 407462BAW465M failed: TRES results not found for flight 407462BAW465M_1682277266
2025-06-17 03:32:42,246 - INFO - Processing flight 401240BAW45EM
2025-06-17 03:32:42,248 - ERROR - Error processing flight 401240BAW45EM: TRES results not found for flight 401240BAW45EM_1681474464
2025-06-17 03:32:42,248 - WARNING - Flight 401240BAW45EM failed: TRES results not found for flight 401240BAW45EM_1681474464
2025-06-17 03:32:42,248 - INFO - Processing flight 347288IBE31SE
2025-06-17 03:32:42,249 - ERROR - Error processing flight 347288IBE31SE: TRES results not found for flight 347288IBE31SE_1682861490
2025-06-17 03:32:42,249 - WARNING - Flight 347288IBE31SE failed: TRES results not found for flight 347288IBE31SE_1682861490
2025-06-17 03:32:42,249 - INFO - Processing flight 406A3DBAW465M
2025-06-17 03:32:42,250 - ERROR - Error processing flight 406A3DBAW465M: TRES results not found for flight 406A3DBAW465M_1682020918
2025-06-17 03:32:42,250 - WARNING - Flight 406A3DBAW465M failed: TRES results not found for flight 406A3DBAW465M_1682020918
2025-06-17 03:32:42,250 - INFO - Processing flight 346458IBE31HG
2025-06-17 03:32:42,251 - ERROR - Error processing flight 346458IBE31HG: TRES results not found for flight 346458IBE31HG_1680366537
2025-06-17 03:32:42,252 - WARNING - Flight 346458IBE31HG failed: TRES results not found for flight 346458IBE31HG_1680366537
2025-06-17 03:32:42,252 - INFO - Iteration 9 completed:
2025-06-17 03:32:42,252 - INFO -   - Successful flights: 0/5
2025-06-17 03:32:42,252 - INFO -   - Average log likelihood: nan
2025-06-17 03:32:42,252 - INFO -   - Gradient norm: 0.000000
2025-06-17 03:32:42,252 - INFO -   - Processing time: 0.01s
2025-06-17 03:32:42,252 - INFO - 
--- Iteration 10/100 ---
2025-06-17 03:32:42,252 - INFO - Processing flight 346316IBE3170
2025-06-17 03:32:42,253 - ERROR - Error processing flight 346316IBE3170: TRES results not found for flight 346316IBE3170_1681882411
2025-06-17 03:32:42,253 - WARNING - Flight 346316IBE3170 failed: TRES results not found for flight 346316IBE3170_1681882411
2025-06-17 03:32:42,253 - INFO - Processing flight 4063DEBAW461M
2025-06-17 03:32:42,254 - ERROR - Error processing flight 4063DEBAW461M: TRES results not found for flight 4063DEBAW461M_1680881458
2025-06-17 03:32:42,254 - WARNING - Flight 4063DEBAW461M failed: TRES results not found for flight 4063DEBAW461M_1680881458
2025-06-17 03:32:42,254 - INFO - Processing flight 346303IBE3180
2025-06-17 03:32:42,255 - ERROR - Error processing flight 346303IBE3180: TRES results not found for flight 346303IBE3180_1681657702
2025-06-17 03:32:42,255 - WARNING - Flight 346303IBE3180 failed: TRES results not found for flight 346303IBE3180_1681657702
2025-06-17 03:32:42,255 - INFO - Processing flight 406A02BAW461M
2025-06-17 03:32:42,256 - ERROR - Error processing flight 406A02BAW461M: TRES results not found for flight 406A02BAW461M_1682698925
2025-06-17 03:32:42,256 - WARNING - Flight 406A02BAW461M failed: TRES results not found for flight 406A02BAW461M_1682698925
2025-06-17 03:32:42,256 - INFO - Processing flight 346499IBE3180
2025-06-17 03:32:42,257 - ERROR - Error processing flight 346499IBE3180: TRES results not found for flight 346499IBE3180_1681314335
2025-06-17 03:32:42,257 - WARNING - Flight 346499IBE3180 failed: TRES results not found for flight 346499IBE3180_1681314335
2025-06-17 03:32:42,257 - INFO - Iteration 10 completed:
2025-06-17 03:32:42,257 - INFO -   - Successful flights: 0/5
2025-06-17 03:32:42,257 - INFO -   - Average log likelihood: nan
2025-06-17 03:32:42,257 - INFO -   - Gradient norm: 0.000000
2025-06-17 03:32:42,258 - INFO -   - Processing time: 0.01s
2025-06-17 03:32:42,294 - INFO - Checkpoint saved to data/cases/LEMD_EGLL/batch_sgd_results/checkpoint_iter_10.pt
2025-06-17 03:32:42,294 - INFO - 
--- Iteration 11/100 ---
2025-06-17 03:32:42,294 - INFO - Processing flight 347287IBE31FY
2025-06-17 03:32:42,295 - ERROR - Error processing flight 347287IBE31FY: TRES results not found for flight 347287IBE31FY_1681645001
2025-06-17 03:32:42,295 - WARNING - Flight 347287IBE31FY failed: TRES results not found for flight 347287IBE31FY_1681645001
2025-06-17 03:32:42,295 - INFO - Processing flight 461F69BAW43M
2025-06-17 03:32:42,296 - ERROR - Error processing flight 461F69BAW43M: TRES results not found for flight 461F69BAW43M_1681409061
2025-06-17 03:32:42,296 - WARNING - Flight 461F69BAW43M failed: TRES results not found for flight 461F69BAW43M_1681409061
2025-06-17 03:32:42,296 - INFO - Processing flight 346386IBE31VM
2025-06-17 03:32:42,297 - ERROR - Error processing flight 346386IBE31VM: TRES results not found for flight 346386IBE31VM_1680361160
2025-06-17 03:32:42,297 - WARNING - Flight 346386IBE31VM failed: TRES results not found for flight 346386IBE31VM_1680361160
2025-06-17 03:32:42,297 - INFO - Processing flight 407D74BAW43M
2025-06-17 03:32:42,298 - ERROR - Error processing flight 407D74BAW43M: TRES results not found for flight 407D74BAW43M_1681927190
2025-06-17 03:32:42,298 - WARNING - Flight 407D74BAW43M failed: TRES results not found for flight 407D74BAW43M_1681927190
2025-06-17 03:32:42,298 - INFO - Processing flight 34520BIBE31VM
2025-06-17 03:32:42,324 - INFO - Computing thinning for flight 34520BIBE31VM
2025-06-17 03:32:43,680 - ERROR - Error processing flight 34520BIBE31VM: 'numpy.ndarray' object has no attribute 'to'
2025-06-17 03:32:43,680 - WARNING - Flight 34520BIBE31VM failed: 'numpy.ndarray' object has no attribute 'to'
2025-06-17 03:32:43,680 - INFO - Iteration 11 completed:
2025-06-17 03:32:43,680 - INFO -   - Successful flights: 0/5
2025-06-17 03:32:43,680 - INFO -   - Average log likelihood: nan
2025-06-17 03:32:43,680 - INFO -   - Gradient norm: 0.000000
2025-06-17 03:32:43,680 - INFO -   - Processing time: 1.39s
2025-06-17 03:32:43,680 - INFO - 
--- Iteration 12/100 ---
2025-06-17 03:32:43,681 - INFO - Processing flight 345692IBE31SE
2025-06-17 03:32:43,682 - ERROR - Error processing flight 345692IBE31SE: TRES results not found for flight 345692IBE31SE_1681737631
2025-06-17 03:32:43,682 - WARNING - Flight 345692IBE31SE failed: TRES results not found for flight 345692IBE31SE_1681737631
2025-06-17 03:32:43,682 - INFO - Processing flight 347287IBE31FY
2025-06-17 03:32:43,683 - ERROR - Error processing flight 347287IBE31FY: TRES results not found for flight 347287IBE31FY_1682250178
2025-06-17 03:32:43,683 - WARNING - Flight 347287IBE31FY failed: TRES results not found for flight 347287IBE31FY_1682250178
2025-06-17 03:32:43,683 - INFO - Processing flight 346316IBE3170
2025-06-17 03:32:43,684 - ERROR - Error processing flight 346316IBE3170: TRES results not found for flight 346316IBE3170_1681882411
2025-06-17 03:32:43,684 - WARNING - Flight 346316IBE3170 failed: TRES results not found for flight 346316IBE3170_1681882411
2025-06-17 03:32:43,684 - INFO - Processing flight 346419IBE31VM
2025-06-17 03:32:43,685 - ERROR - Error processing flight 346419IBE31VM: TRES results not found for flight 346419IBE31VM_1681135462
2025-06-17 03:32:43,685 - WARNING - Flight 346419IBE31VM failed: TRES results not found for flight 346419IBE31VM_1681135462
2025-06-17 03:32:43,685 - INFO - Processing flight 347453IBE3170
2025-06-17 03:32:43,686 - ERROR - Error processing flight 347453IBE3170: TRES results not found for flight 347453IBE3170_1681104026
2025-06-17 03:32:43,686 - WARNING - Flight 347453IBE3170 failed: TRES results not found for flight 347453IBE3170_1681104026
2025-06-17 03:32:43,686 - INFO - Iteration 12 completed:
2025-06-17 03:32:43,686 - INFO -   - Successful flights: 0/5
2025-06-17 03:32:43,686 - INFO -   - Average log likelihood: nan
2025-06-17 03:32:43,686 - INFO -   - Gradient norm: 0.000000
2025-06-17 03:32:43,686 - INFO -   - Processing time: 0.01s
2025-06-17 03:32:43,686 - INFO - 
--- Iteration 13/100 ---
2025-06-17 03:32:43,686 - INFO - Processing flight 3444C4IBE31HW
2025-06-17 03:32:43,713 - INFO - Computing thinning for flight 3444C4IBE31HW
2025-06-17 03:34:10,259 - INFO - Validating batch SGD pipeline implementation...
2025-06-17 03:34:10,261 - INFO - ✓ All required imports are available
2025-06-17 03:34:10,261 - INFO - ✓ thin_closures function signature is correct
2025-06-17 03:34:10,262 - INFO - ✓ backward_gradient_pass function is available
2025-06-17 03:34:10,262 - INFO - ✓ Implementation validation passed
2025-06-17 03:34:10,262 - INFO - Starting Batch SGD Pipeline for Maximum Entropy Inverse Learning
2025-06-17 03:34:10,263 - INFO - Loading configuration from data/cases/LEMD_EGLL/default.yaml
2025-06-17 03:34:11,973 - INFO - Using device: cpu
2025-06-17 03:34:11,973 - INFO - Cost model has 320361 trainable parameters
2025-06-17 03:34:11,983 - INFO - Loaded 315 flights from data/cases/LEMD_EGLL/all_routes.csv
2025-06-17 03:34:11,983 - INFO - Starting main training loop
2025-06-17 03:34:11,983 - INFO - 
--- Iteration 1/100 ---
2025-06-17 03:34:11,985 - INFO - Processing flight 406B62BAW457
2025-06-17 03:34:11,988 - ERROR - Error processing flight 406B62BAW457: TRES results not found for flight 406B62BAW457_1681550711
2025-06-17 03:34:11,988 - WARNING - Flight 406B62BAW457 failed: TRES results not found for flight 406B62BAW457_1681550711
2025-06-17 03:34:11,988 - INFO - Processing flight 346499IBE3180
2025-06-17 03:34:11,989 - ERROR - Error processing flight 346499IBE3180: TRES results not found for flight 346499IBE3180_1682003546
2025-06-17 03:34:11,989 - WARNING - Flight 346499IBE3180 failed: TRES results not found for flight 346499IBE3180_1682003546
2025-06-17 03:34:11,989 - INFO - Processing flight 347453IBE31FY
2025-06-17 03:34:11,990 - ERROR - Error processing flight 347453IBE31FY: TRES results not found for flight 347453IBE31FY_1681127257
2025-06-17 03:34:11,990 - WARNING - Flight 347453IBE31FY failed: TRES results not found for flight 347453IBE31FY_1681127257
2025-06-17 03:34:11,990 - INFO - Processing flight 346316IBE31SE
2025-06-17 03:34:11,991 - ERROR - Error processing flight 346316IBE31SE: TRES results not found for flight 346316IBE31SE_1681910698
2025-06-17 03:34:11,991 - WARNING - Flight 346316IBE31SE failed: TRES results not found for flight 346316IBE31SE_1681910698
2025-06-17 03:34:11,991 - INFO - Processing flight 346303IBE31ZF
2025-06-17 03:34:11,992 - ERROR - Error processing flight 346303IBE31ZF: TRES results not found for flight 346303IBE31ZF_1681544435
2025-06-17 03:34:11,992 - WARNING - Flight 346303IBE31ZF failed: TRES results not found for flight 346303IBE31ZF_1681544435
2025-06-17 03:34:11,993 - INFO - Iteration 1 completed:
2025-06-17 03:34:11,993 - INFO -   - Successful flights: 0/5
2025-06-17 03:34:11,993 - INFO -   - Average log likelihood: nan
2025-06-17 03:34:11,993 - INFO -   - Gradient norm: 0.000000
2025-06-17 03:34:11,993 - INFO -   - Processing time: 0.01s
2025-06-17 03:34:11,993 - INFO - 
--- Iteration 2/100 ---
2025-06-17 03:34:11,994 - INFO - Processing flight 40087ABAW457
2025-06-17 03:34:11,995 - ERROR - Error processing flight 40087ABAW457: TRES results not found for flight 40087ABAW457_1682671088
2025-06-17 03:34:11,995 - WARNING - Flight 40087ABAW457 failed: TRES results not found for flight 40087ABAW457_1682671088
2025-06-17 03:34:11,995 - INFO - Processing flight 347219IBE31HG
2025-06-17 03:34:11,996 - ERROR - Error processing flight 347219IBE31HG: TRES results not found for flight 347219IBE31HG_1682266738
2025-06-17 03:34:11,996 - WARNING - Flight 347219IBE31HG failed: TRES results not found for flight 347219IBE31HG_1682266738
2025-06-17 03:34:11,996 - INFO - Processing flight 347453IBE31FY
2025-06-17 03:34:11,996 - ERROR - Error processing flight 347453IBE31FY: TRES results not found for flight 347453IBE31FY_1681127257
2025-06-17 03:34:11,996 - WARNING - Flight 347453IBE31FY failed: TRES results not found for flight 347453IBE31FY_1681127257
2025-06-17 03:34:11,997 - INFO - Processing flight 4075FFBAW43M
2025-06-17 03:34:11,997 - ERROR - Error processing flight 4075FFBAW43M: TRES results not found for flight 4075FFBAW43M_1681236718
2025-06-17 03:34:11,998 - WARNING - Flight 4075FFBAW43M failed: TRES results not found for flight 4075FFBAW43M_1681236718
2025-06-17 03:34:11,998 - INFO - Processing flight 346316IBE31SE
2025-06-17 03:34:11,999 - ERROR - Error processing flight 346316IBE31SE: TRES results not found for flight 346316IBE31SE_1682343058
2025-06-17 03:34:11,999 - WARNING - Flight 346316IBE31SE failed: TRES results not found for flight 346316IBE31SE_1682343058
2025-06-17 03:34:11,999 - INFO - Iteration 2 completed:
2025-06-17 03:34:11,999 - INFO -   - Successful flights: 0/5
2025-06-17 03:34:11,999 - INFO -   - Average log likelihood: nan
2025-06-17 03:34:11,999 - INFO -   - Gradient norm: 0.000000
2025-06-17 03:34:11,999 - INFO -   - Processing time: 0.01s
2025-06-17 03:34:11,999 - INFO - 
--- Iteration 3/100 ---
2025-06-17 03:34:11,999 - INFO - Processing flight 347287IBE31FY
2025-06-17 03:34:12,000 - ERROR - Error processing flight 347287IBE31FY: TRES results not found for flight 347287IBE31FY_1681645001
2025-06-17 03:34:12,001 - WARNING - Flight 347287IBE31FY failed: TRES results not found for flight 347287IBE31FY_1681645001
2025-06-17 03:34:12,001 - INFO - Processing flight 344345IBE31HW
2025-06-17 03:34:12,028 - INFO - Computing thinning for flight 344345IBE31HW
2025-06-17 03:34:56,618 - ERROR - Error processing flight 344345IBE31HW: 'numpy.ndarray' object has no attribute 'to'
2025-06-17 03:34:56,619 - WARNING - Flight 344345IBE31HW failed: 'numpy.ndarray' object has no attribute 'to'
2025-06-17 03:34:56,620 - INFO - Processing flight 346303IBE31ZF
2025-06-17 03:34:56,623 - ERROR - Error processing flight 346303IBE31ZF: TRES results not found for flight 346303IBE31ZF_1681716217
2025-06-17 03:34:56,623 - WARNING - Flight 346303IBE31ZF failed: TRES results not found for flight 346303IBE31ZF_1681716217
2025-06-17 03:34:56,623 - INFO - Processing flight 40087ABAW457
2025-06-17 03:34:56,625 - ERROR - Error processing flight 40087ABAW457: TRES results not found for flight 40087ABAW457_1681293798
2025-06-17 03:34:56,625 - WARNING - Flight 40087ABAW457 failed: TRES results not found for flight 40087ABAW457_1681293798
2025-06-17 03:34:56,625 - INFO - Processing flight 346499IBE31ZF
2025-06-17 03:34:56,626 - ERROR - Error processing flight 346499IBE31ZF: TRES results not found for flight 346499IBE31ZF_1681802373
2025-06-17 03:34:56,626 - WARNING - Flight 346499IBE31ZF failed: TRES results not found for flight 346499IBE31ZF_1681802373
2025-06-17 03:34:56,626 - INFO - Iteration 3 completed:
2025-06-17 03:34:56,626 - INFO -   - Successful flights: 0/5
2025-06-17 03:34:56,626 - INFO -   - Average log likelihood: nan
2025-06-17 03:34:56,626 - INFO -   - Gradient norm: 0.000000
2025-06-17 03:34:56,626 - INFO -   - Processing time: 44.63s
2025-06-17 03:34:56,626 - INFO - 
--- Iteration 4/100 ---
2025-06-17 03:34:56,627 - INFO - Processing flight 461F6DBAW43M
2025-06-17 03:34:56,628 - ERROR - Error processing flight 461F6DBAW43M: TRES results not found for flight 461F6DBAW43M_1680805822
2025-06-17 03:34:56,628 - WARNING - Flight 461F6DBAW43M failed: TRES results not found for flight 461F6DBAW43M_1680805822
2025-06-17 03:34:56,628 - INFO - Processing flight 346303IBE31ZF
2025-06-17 03:34:56,629 - ERROR - Error processing flight 346303IBE31ZF: TRES results not found for flight 346303IBE31ZF_1681544435
2025-06-17 03:34:56,629 - WARNING - Flight 346303IBE31ZF failed: TRES results not found for flight 346303IBE31ZF_1681544435
2025-06-17 03:34:56,629 - INFO - Processing flight 400AFFBAW45EM
2025-06-17 03:34:56,629 - ERROR - Error processing flight 400AFFBAW45EM: TRES results not found for flight 400AFFBAW45EM_1681986306
2025-06-17 03:34:56,629 - WARNING - Flight 400AFFBAW45EM failed: TRES results not found for flight 400AFFBAW45EM_1681986306
2025-06-17 03:34:56,630 - INFO - Processing flight 347219IBE3180
2025-06-17 03:34:56,631 - ERROR - Error processing flight 347219IBE3180: TRES results not found for flight 347219IBE3180_1681226698
2025-06-17 03:34:56,631 - WARNING - Flight 347219IBE3180 failed: TRES results not found for flight 347219IBE3180_1681226698
2025-06-17 03:34:56,631 - INFO - Processing flight 347287IBE3170
2025-06-17 03:34:56,632 - ERROR - Error processing flight 347287IBE3170: TRES results not found for flight 347287IBE3170_1681622067
2025-06-17 03:34:56,632 - WARNING - Flight 347287IBE3170 failed: TRES results not found for flight 347287IBE3170_1681622067
2025-06-17 03:34:56,632 - INFO - Iteration 4 completed:
2025-06-17 03:34:56,632 - INFO -   - Successful flights: 0/5
2025-06-17 03:34:56,632 - INFO -   - Average log likelihood: nan
2025-06-17 03:34:56,632 - INFO -   - Gradient norm: 0.000000
2025-06-17 03:34:56,632 - INFO -   - Processing time: 0.01s
2025-06-17 03:34:56,632 - INFO - 
--- Iteration 5/100 ---
2025-06-17 03:34:56,632 - INFO - Processing flight 34660BIBE31SE
2025-06-17 03:34:56,633 - ERROR - Error processing flight 34660BIBE31SE: TRES results not found for flight 34660BIBE31SE_1682601598
2025-06-17 03:34:56,633 - WARNING - Flight 34660BIBE31SE failed: TRES results not found for flight 34660BIBE31SE_1682601598
2025-06-17 03:34:56,633 - INFO - Processing flight 4008F2BAW465M
2025-06-17 03:34:56,634 - ERROR - Error processing flight 4008F2BAW465M: TRES results not found for flight 4008F2BAW465M_1680720683
2025-06-17 03:34:56,634 - WARNING - Flight 4008F2BAW465M failed: TRES results not found for flight 4008F2BAW465M_1680720683
2025-06-17 03:34:56,634 - INFO - Processing flight 344304IBE31HW
2025-06-17 03:34:56,661 - INFO - Computing thinning for flight 344304IBE31HW
2025-06-17 03:35:56,781 - INFO - Validating batch SGD pipeline implementation...
2025-06-17 03:35:56,782 - INFO - ✓ All required imports are available
2025-06-17 03:35:56,782 - INFO - ✓ thin_closures function signature is correct
2025-06-17 03:35:56,782 - INFO - ✓ backward_gradient_pass function is available
2025-06-17 03:35:56,782 - INFO - ✓ Implementation validation passed
2025-06-17 03:35:56,782 - INFO - Starting Batch SGD Pipeline for Maximum Entropy Inverse Learning
2025-06-17 03:35:56,783 - INFO - Loading configuration from data/cases/LEMD_EGLL/default.yaml
2025-06-17 03:35:58,642 - INFO - Using device: cpu
2025-06-17 03:35:58,642 - INFO - Cost model has 320361 trainable parameters
2025-06-17 03:35:58,652 - INFO - Loaded 315 flights from data/cases/LEMD_EGLL/all_routes.csv
2025-06-17 03:35:58,652 - INFO - Starting main training loop
2025-06-17 03:35:58,652 - INFO - 
--- Iteration 1/100 ---
2025-06-17 03:35:58,654 - INFO - Processing flight 347344IBE3170
2025-06-17 03:35:58,658 - ERROR - Error processing flight 347344IBE3170: TRES results not found for flight 347344IBE3170_1681449330
2025-06-17 03:35:58,658 - WARNING - Flight 347344IBE3170 failed: TRES results not found for flight 347344IBE3170_1681449330
2025-06-17 03:35:58,658 - INFO - Processing flight 347453IBE3180
2025-06-17 03:35:58,660 - ERROR - Error processing flight 347453IBE3180: TRES results not found for flight 347453IBE3180_1681916878
2025-06-17 03:35:58,660 - WARNING - Flight 347453IBE3180 failed: TRES results not found for flight 347453IBE3180_1681916878
2025-06-17 03:35:58,660 - INFO - Processing flight 347386IBE31VM
2025-06-17 03:35:58,661 - ERROR - Error processing flight 347386IBE31VM: TRES results not found for flight 347386IBE31VM_1681396176
2025-06-17 03:35:58,661 - WARNING - Flight 347386IBE31VM failed: TRES results not found for flight 347386IBE31VM_1681396176
2025-06-17 03:35:58,661 - INFO - Processing flight 344345IBE31HW
2025-06-17 03:36:07,773 - ERROR - Error processing flight 344345IBE31HW: 'numpy.ndarray' object has no attribute 'to'
2025-06-17 03:36:07,774 - WARNING - Flight 344345IBE31HW failed: 'numpy.ndarray' object has no attribute 'to'
2025-06-17 03:36:07,775 - INFO - Processing flight 347344IBE3170
2025-06-17 03:36:07,776 - ERROR - Error processing flight 347344IBE3170: TRES results not found for flight 347344IBE3170_1680931141
2025-06-17 03:36:07,776 - WARNING - Flight 347344IBE3170 failed: TRES results not found for flight 347344IBE3170_1680931141
2025-06-17 03:36:07,778 - INFO - Iteration 1 completed:
2025-06-17 03:36:07,778 - INFO -   - Successful flights: 0/5
2025-06-17 03:36:07,778 - INFO -   - Average log likelihood: nan
2025-06-17 03:36:07,778 - INFO -   - Gradient norm: 0.000000
2025-06-17 03:36:07,778 - INFO -   - Processing time: 9.13s
2025-06-17 03:36:07,778 - INFO - 
--- Iteration 2/100 ---
2025-06-17 03:36:07,779 - INFO - Processing flight 400AFFBAW465M
2025-06-17 03:36:07,780 - ERROR - Error processing flight 400AFFBAW465M: TRES results not found for flight 400AFFBAW465M_1682798361
2025-06-17 03:36:07,780 - WARNING - Flight 400AFFBAW465M failed: TRES results not found for flight 400AFFBAW465M_1682798361
2025-06-17 03:36:07,781 - INFO - Processing flight 346045IBE31VM
2025-06-17 03:36:07,782 - ERROR - Error processing flight 346045IBE31VM: TRES results not found for flight 346045IBE31VM_1680445083
2025-06-17 03:36:07,782 - WARNING - Flight 346045IBE31VM failed: TRES results not found for flight 346045IBE31VM_1680445083
2025-06-17 03:36:07,782 - INFO - Processing flight 4076E2BAW45EM
2025-06-17 03:36:07,785 - ERROR - Error processing flight 4076E2BAW45EM: TRES results not found for flight 4076E2BAW45EM_1681381769
2025-06-17 03:36:07,785 - WARNING - Flight 4076E2BAW45EM failed: TRES results not found for flight 4076E2BAW45EM_1681381769
2025-06-17 03:36:07,785 - INFO - Processing flight 4075FEBAW45EM
2025-06-17 03:36:07,786 - ERROR - Error processing flight 4075FEBAW45EM: TRES results not found for flight 4075FEBAW45EM_1681123173
2025-06-17 03:36:07,787 - WARNING - Flight 4075FEBAW45EM failed: TRES results not found for flight 4075FEBAW45EM_1681123173
2025-06-17 03:36:07,787 - INFO - Processing flight 3444C4IBE31HW
2025-06-17 03:36:07,812 - INFO - Computing thinning for flight 3444C4IBE31HW
2025-06-17 03:36:36,302 - INFO - Validating batch SGD pipeline implementation...
2025-06-17 03:36:36,303 - INFO - ✓ All required imports are available
2025-06-17 03:36:36,304 - INFO - ✓ thin_closures function signature is correct
2025-06-17 03:36:36,304 - INFO - ✓ backward_gradient_pass function is available
2025-06-17 03:36:36,304 - INFO - ✓ Implementation validation passed
2025-06-17 03:36:36,304 - INFO - Starting Batch SGD Pipeline for Maximum Entropy Inverse Learning
2025-06-17 03:36:36,305 - INFO - Loading configuration from data/cases/LEMD_EGLL/default.yaml
2025-06-17 03:36:38,142 - INFO - Using device: cpu
2025-06-17 03:36:38,142 - INFO - Cost model has 320361 trainable parameters
2025-06-17 03:36:38,152 - INFO - Loaded 315 flights from data/cases/LEMD_EGLL/all_routes.csv
2025-06-17 03:36:38,152 - INFO - Starting main training loop
2025-06-17 03:36:38,152 - INFO - 
--- Iteration 1/100 ---
2025-06-17 03:36:38,154 - INFO - Processing flight 407536BAW45EM
2025-06-17 03:38:54,076 - INFO - Validating batch SGD pipeline implementation...
2025-06-17 03:38:54,077 - INFO - ✓ All required imports are available
2025-06-17 03:38:54,077 - INFO - ✓ thin_closures function signature is correct
2025-06-17 03:38:54,077 - INFO - ✓ backward_gradient_pass function is available
2025-06-17 03:38:54,077 - INFO - ✓ Implementation validation passed
2025-06-17 03:38:54,078 - INFO - Starting Batch SGD Pipeline for Maximum Entropy Inverse Learning
2025-06-17 03:38:54,079 - INFO - Loading configuration from data/cases/LEMD_EGLL/default.yaml
2025-06-17 03:38:55,696 - INFO - Using device: cpu
2025-06-17 03:38:55,696 - INFO - Cost model has 320361 trainable parameters
2025-06-17 03:38:55,705 - INFO - Loaded 315 flights from data/cases/LEMD_EGLL/all_routes.csv
2025-06-17 03:38:55,705 - INFO - Starting main training loop
2025-06-17 03:38:55,705 - INFO - 
--- Iteration 1/100 ---
2025-06-17 03:38:55,707 - INFO - Processing flight 4079F7BAW457
2025-06-17 03:42:24,731 - INFO - Validating batch SGD pipeline implementation...
2025-06-17 03:42:24,732 - INFO - ✓ All required imports are available
2025-06-17 03:42:24,733 - INFO - ✓ thin_closures function signature is correct
2025-06-17 03:42:24,733 - INFO - ✓ backward_gradient_pass function is available
2025-06-17 03:42:24,733 - INFO - ✓ Implementation validation passed
2025-06-17 03:42:24,733 - INFO - Starting Batch SGD Pipeline for Maximum Entropy Inverse Learning
2025-06-17 03:42:24,734 - INFO - Loading configuration from data/cases/LEMD_EGLL/default.yaml
2025-06-17 03:42:26,128 - INFO - Using device: cpu
2025-06-17 03:42:26,128 - INFO - Cost model has 320361 trainable parameters
2025-06-17 03:42:26,133 - INFO - Loaded 315 flights from data/cases/LEMD_EGLL/all_routes.csv
2025-06-17 03:42:26,133 - INFO - Starting main training loop
2025-06-17 03:42:26,133 - INFO - 
--- Iteration 1/100 ---
2025-06-17 03:42:26,134 - INFO - Processing flight 405EE1BAW43M
2025-06-17 03:42:32,608 - ERROR - Error processing flight 405EE1BAW43M: TRES results not found for flight 405EE1BAW43M_1681578604
2025-06-17 03:42:32,611 - WARNING - Flight 405EE1BAW43M failed: TRES results not found for flight 405EE1BAW43M_1681578604
2025-06-17 03:42:32,616 - INFO - Processing flight 346386IBE31VM
2025-06-17 09:48:49,491 - INFO - Validating batch SGD pipeline implementation...
2025-06-17 09:48:49,514 - INFO - Starting Batch SGD Pipeline for Maximum Entropy Inverse Learning
2025-06-17 09:48:49,516 - INFO - Loading configuration from data/cases/LEMD_EGLL\default.yaml
2025-06-17 09:48:52,956 - INFO - Using device: cpu
2025-06-17 09:48:52,956 - INFO - Cost model has 320361 trainable parameters
2025-06-17 09:48:53,014 - INFO - Loaded 315 flights from data/cases/LEMD_EGLL\all_routes.csv
2025-06-17 09:48:53,014 - INFO - Starting main training loop
2025-06-17 09:48:53,014 - INFO - 
--- Iteration 1/100 ---
2025-06-17 09:48:53,023 - INFO - Processing flight 347219IBE3170
2025-06-17 09:48:53,023 - ERROR - Error processing flight 347219IBE3170: TRES results not found for flight 347219IBE3170_1680585209
2025-06-17 09:48:53,025 - WARNING - Flight 347219IBE3170 failed: TRES results not found for flight 347219IBE3170_1680585209
2025-06-17 09:48:53,025 - INFO - Processing flight 347219IBE31ZF
2025-06-17 09:48:53,026 - ERROR - Error processing flight 347219IBE31ZF: TRES results not found for flight 347219IBE31ZF_1682580004
2025-06-17 09:48:53,026 - WARNING - Flight 347219IBE31ZF failed: TRES results not found for flight 347219IBE31ZF_1682580004
2025-06-17 09:48:53,026 - INFO - Processing flight 347288IBE3170
2025-06-17 09:48:53,026 - ERROR - Error processing flight 347288IBE3170: TRES results not found for flight 347288IBE3170_1682572652
2025-06-17 09:48:53,028 - WARNING - Flight 347288IBE3170 failed: TRES results not found for flight 347288IBE3170_1682572652
2025-06-17 09:48:53,028 - INFO - Processing flight 34660BIBE31HG
2025-06-17 09:48:53,029 - ERROR - Error processing flight 34660BIBE31HG: TRES results not found for flight 34660BIBE31HG_1680451924
2025-06-17 09:48:53,029 - WARNING - Flight 34660BIBE31HG failed: TRES results not found for flight 34660BIBE31HG_1680451924
2025-06-17 09:48:53,031 - INFO - Processing flight 407536BAW465M
2025-06-17 09:48:53,031 - ERROR - Error processing flight 407536BAW465M: TRES results not found for flight 407536BAW465M_1682621878
2025-06-17 09:48:53,032 - WARNING - Flight 407536BAW465M failed: TRES results not found for flight 407536BAW465M_1682621878
2025-06-17 09:48:53,037 - INFO - Iteration 1 completed:
2025-06-17 09:48:53,037 - INFO -   - Successful flights: 0/5
2025-06-17 09:48:53,037 - INFO -   - Average log likelihood: nan
2025-06-17 09:48:53,037 - INFO -   - Gradient norm: 0.000000
2025-06-17 09:48:53,037 - INFO -   - Processing time: 0.02s
2025-06-17 09:48:53,038 - INFO - 
--- Iteration 2/100 ---
2025-06-17 09:48:53,038 - INFO - Processing flight 4063DEBAW43M
2025-06-17 09:48:53,039 - ERROR - Error processing flight 4063DEBAW43M: TRES results not found for flight 4063DEBAW43M_1681495028
2025-06-17 09:48:53,039 - WARNING - Flight 4063DEBAW43M failed: TRES results not found for flight 4063DEBAW43M_1681495028
2025-06-17 09:48:53,039 - INFO - Processing flight 40780DBAW45EM
2025-06-17 09:48:53,039 - ERROR - Error processing flight 40780DBAW45EM: TRES results not found for flight 40780DBAW45EM_1682332386
2025-06-17 09:48:53,040 - WARNING - Flight 40780DBAW45EM failed: TRES results not found for flight 40780DBAW45EM_1682332386
2025-06-17 09:48:53,040 - INFO - Processing flight 400CEBBAW457
2025-06-17 09:48:53,040 - ERROR - Error processing flight 400CEBBAW457: TRES results not found for flight 400CEBBAW457_1681378410
2025-06-17 09:48:53,041 - WARNING - Flight 400CEBBAW457 failed: TRES results not found for flight 400CEBBAW457_1681378410
2025-06-17 09:48:53,042 - INFO - Processing flight 347453IBE3170
2025-06-17 09:48:53,042 - ERROR - Error processing flight 347453IBE3170: TRES results not found for flight 347453IBE3170_1681104026
2025-06-17 09:48:53,043 - WARNING - Flight 347453IBE3170 failed: TRES results not found for flight 347453IBE3170_1681104026
2025-06-17 09:48:53,043 - INFO - Processing flight 40087ABAW457
2025-06-17 09:48:53,044 - ERROR - Error processing flight 40087ABAW457: TRES results not found for flight 40087ABAW457_1681293798
2025-06-17 09:48:53,044 - WARNING - Flight 40087ABAW457 failed: TRES results not found for flight 40087ABAW457_1681293798
2025-06-17 09:48:53,045 - INFO - Iteration 2 completed:
2025-06-17 09:48:53,045 - INFO -   - Successful flights: 0/5
2025-06-17 09:48:53,045 - INFO -   - Average log likelihood: nan
2025-06-17 09:48:53,045 - INFO -   - Gradient norm: 0.000000
2025-06-17 09:48:53,045 - INFO -   - Processing time: 0.01s
2025-06-17 09:48:53,047 - INFO - 
--- Iteration 3/100 ---
2025-06-17 09:48:53,048 - INFO - Processing flight 344304IBE31VM
2025-06-17 09:48:53,048 - ERROR - Error processing flight 344304IBE31VM: TRES results not found for flight 344304IBE31VM_1680875819
2025-06-17 09:48:53,048 - WARNING - Flight 344304IBE31VM failed: TRES results not found for flight 344304IBE31VM_1680875819
2025-06-17 09:48:53,049 - INFO - Processing flight 347288IBE31FY
2025-06-17 09:48:53,049 - ERROR - Error processing flight 347288IBE31FY: TRES results not found for flight 347288IBE31FY_1682595886
2025-06-17 09:48:53,050 - WARNING - Flight 347288IBE31FY failed: TRES results not found for flight 347288IBE31FY_1682595886
2025-06-17 09:48:53,050 - INFO - Processing flight 347453IBE31ZF
2025-06-17 09:48:53,050 - ERROR - Error processing flight 347453IBE31ZF: TRES results not found for flight 347453IBE31ZF_1681975836
2025-06-17 09:48:53,050 - WARNING - Flight 347453IBE31ZF failed: TRES results not found for flight 347453IBE31ZF_1681975836
2025-06-17 09:48:53,051 - INFO - Processing flight 346555IBE31VM
2025-06-17 09:48:53,051 - ERROR - Error processing flight 346555IBE31VM: TRES results not found for flight 346555IBE31VM_1680617692
2025-06-17 09:48:53,051 - WARNING - Flight 346555IBE31VM failed: TRES results not found for flight 346555IBE31VM_1680617692
2025-06-17 09:48:53,051 - INFO - Processing flight 345691IBE31FY
2025-06-17 09:48:53,053 - ERROR - Error processing flight 345691IBE31FY: TRES results not found for flight 345691IBE31FY_1680358417
2025-06-17 09:48:53,053 - WARNING - Flight 345691IBE31FY failed: TRES results not found for flight 345691IBE31FY_1680358417
2025-06-17 09:48:53,053 - INFO - Iteration 3 completed:
2025-06-17 09:48:53,053 - INFO -   - Successful flights: 0/5
2025-06-17 09:48:53,053 - INFO -   - Average log likelihood: nan
2025-06-17 09:48:53,053 - INFO -   - Gradient norm: 0.000000
2025-06-17 09:48:53,053 - INFO -   - Processing time: 0.01s
2025-06-17 09:48:53,053 - INFO - 
--- Iteration 4/100 ---
2025-06-17 09:48:53,054 - INFO - Processing flight 344304IBE31HW
2025-06-17 09:48:53,144 - INFO - Running SVI sequentially for flight 344304IBE31HW (debug mode)
2025-06-17 09:48:53,163 - ERROR - Error processing flight 344304IBE31HW: 'numpy.ndarray' object has no attribute 'to'
2025-06-17 09:48:53,163 - WARNING - Flight 344304IBE31HW failed: 'numpy.ndarray' object has no attribute 'to'
2025-06-17 09:48:53,163 - INFO - Processing flight 347288IBE31FY
2025-06-17 09:48:53,163 - ERROR - Error processing flight 347288IBE31FY: TRES results not found for flight 347288IBE31FY_1680781048
2025-06-17 09:48:53,163 - WARNING - Flight 347288IBE31FY failed: TRES results not found for flight 347288IBE31FY_1680781048
2025-06-17 09:48:53,173 - INFO - Processing flight 344345IBE31HW
2025-06-17 09:48:53,173 - ERROR - Error processing flight 344345IBE31HW: TRES results not found for flight 344345IBE31HW_1681971322
2025-06-17 09:48:53,175 - WARNING - Flight 344345IBE31HW failed: TRES results not found for flight 344345IBE31HW_1681971322
2025-06-17 09:48:53,175 - INFO - Processing flight 401240BAW457
2025-06-17 09:48:53,175 - ERROR - Error processing flight 401240BAW457: TRES results not found for flight 401240BAW457_1681720944
2025-06-17 09:48:53,175 - WARNING - Flight 401240BAW457 failed: TRES results not found for flight 401240BAW457_1681720944
2025-06-17 09:48:53,176 - INFO - Processing flight 344502IBE31VM
2025-06-17 09:48:53,243 - INFO - Running SVI sequentially for flight 344502IBE31VM (debug mode)
2025-06-17 09:48:53,268 - ERROR - Error processing flight 344502IBE31VM: 'numpy.ndarray' object has no attribute 'to'
2025-06-17 09:48:53,268 - WARNING - Flight 344502IBE31VM failed: 'numpy.ndarray' object has no attribute 'to'
2025-06-17 09:48:53,270 - INFO - Iteration 4 completed:
2025-06-17 09:48:53,270 - INFO -   - Successful flights: 0/5
2025-06-17 09:48:53,270 - INFO -   - Average log likelihood: nan
2025-06-17 09:48:53,271 - INFO -   - Gradient norm: 0.000000
2025-06-17 09:48:53,271 - INFO -   - Processing time: 0.22s
2025-06-17 09:48:53,271 - INFO - 
--- Iteration 5/100 ---
2025-06-17 09:48:53,276 - INFO - Processing flight 3472CCIBE31FY
2025-06-17 09:48:53,279 - ERROR - Error processing flight 3472CCIBE31FY: TRES results not found for flight 3472CCIBE31FY_1681299745
2025-06-17 09:48:53,279 - WARNING - Flight 3472CCIBE31FY failed: TRES results not found for flight 3472CCIBE31FY_1681299745
2025-06-17 09:48:53,280 - INFO - Processing flight 346458IBE0042
2025-06-17 09:48:53,281 - ERROR - Error processing flight 346458IBE0042: TRES results not found for flight 346458IBE0042_1681739967
2025-06-17 09:48:53,281 - WARNING - Flight 346458IBE0042 failed: TRES results not found for flight 346458IBE0042_1681739967
2025-06-17 09:48:53,281 - INFO - Processing flight 4076CDBAW457
2025-06-17 09:48:53,281 - ERROR - Error processing flight 4076CDBAW457: TRES results not found for flight 4076CDBAW457_1680511650
2025-06-17 09:48:53,282 - WARNING - Flight 4076CDBAW457 failed: TRES results not found for flight 4076CDBAW457_1680511650
2025-06-17 09:48:53,282 - INFO - Processing flight 407462BAW465M
2025-06-17 09:48:53,282 - ERROR - Error processing flight 407462BAW465M: TRES results not found for flight 407462BAW465M_1682277266
2025-06-17 09:48:53,282 - WARNING - Flight 407462BAW465M failed: TRES results not found for flight 407462BAW465M_1682277266
2025-06-17 09:48:53,283 - INFO - Processing flight 347344IBE31SE
2025-06-17 09:48:53,284 - ERROR - Error processing flight 347344IBE31SE: TRES results not found for flight 347344IBE31SE_1680788247
2025-06-17 09:48:53,284 - WARNING - Flight 347344IBE31SE failed: TRES results not found for flight 347344IBE31SE_1680788247
2025-06-17 09:48:53,284 - INFO - Iteration 5 completed:
2025-06-17 09:48:53,284 - INFO -   - Successful flights: 0/5
2025-06-17 09:48:53,284 - INFO -   - Average log likelihood: nan
2025-06-17 09:48:53,284 - INFO -   - Gradient norm: 0.000000
2025-06-17 09:48:53,284 - INFO -   - Processing time: 0.01s
2025-06-17 09:48:53,284 - INFO - 
--- Iteration 6/100 ---
2025-06-17 09:48:53,285 - INFO - Processing flight 346499IBE31FY
2025-06-17 09:48:53,285 - ERROR - Error processing flight 346499IBE31FY: TRES results not found for flight 346499IBE31FY_1681213798
2025-06-17 09:48:53,285 - WARNING - Flight 346499IBE31FY failed: TRES results not found for flight 346499IBE31FY_1681213798
2025-06-17 09:48:53,285 - INFO - Processing flight 461F6EBAW465M
2025-06-17 09:48:53,286 - ERROR - Error processing flight 461F6EBAW465M: TRES results not found for flight 461F6EBAW465M_1681154076
2025-06-17 09:48:53,286 - WARNING - Flight 461F6EBAW465M failed: TRES results not found for flight 461F6EBAW465M_1681154076
2025-06-17 09:48:53,286 - INFO - Processing flight 34640EIBE31VM
2025-06-17 09:48:53,286 - ERROR - Error processing flight 34640EIBE31VM: TRES results not found for flight 34640EIBE31VM_1681313003
2025-06-17 09:48:53,286 - WARNING - Flight 34640EIBE31VM failed: TRES results not found for flight 34640EIBE31VM_1681313003
2025-06-17 09:48:53,287 - INFO - Processing flight 400CEBBAW457
2025-06-17 09:48:53,287 - ERROR - Error processing flight 400CEBBAW457: TRES results not found for flight 400CEBBAW457_1681378410
2025-06-17 09:48:53,287 - WARNING - Flight 400CEBBAW457 failed: TRES results not found for flight 400CEBBAW457_1681378410
2025-06-17 09:48:53,288 - INFO - Processing flight 346303IBE31ZF
2025-06-17 09:48:53,288 - ERROR - Error processing flight 346303IBE31ZF: TRES results not found for flight 346303IBE31ZF_1682753223
2025-06-17 09:48:53,288 - WARNING - Flight 346303IBE31ZF failed: TRES results not found for flight 346303IBE31ZF_1682753223
2025-06-17 09:48:53,288 - INFO - Iteration 6 completed:
2025-06-17 09:48:53,288 - INFO -   - Successful flights: 0/5
2025-06-17 09:48:53,288 - INFO -   - Average log likelihood: nan
2025-06-17 09:48:53,288 - INFO -   - Gradient norm: 0.000000
2025-06-17 09:48:53,288 - INFO -   - Processing time: 0.00s
2025-06-17 09:48:53,288 - INFO - 
--- Iteration 7/100 ---
2025-06-17 09:48:53,290 - INFO - Processing flight 405A47BAW461M
2025-06-17 09:48:53,290 - ERROR - Error processing flight 405A47BAW461M: TRES results not found for flight 405A47BAW461M_1682785390
2025-06-17 09:48:53,291 - WARNING - Flight 405A47BAW461M failed: TRES results not found for flight 405A47BAW461M_1682785390
2025-06-17 09:48:53,291 - INFO - Processing flight 406A3DBAW465M
2025-06-17 09:48:53,293 - ERROR - Error processing flight 406A3DBAW465M: TRES results not found for flight 406A3DBAW465M_1682020918
2025-06-17 09:48:53,293 - WARNING - Flight 406A3DBAW465M failed: TRES results not found for flight 406A3DBAW465M_1682020918
2025-06-17 09:48:53,293 - INFO - Processing flight 346316IBE31SE
2025-06-17 09:48:53,295 - ERROR - Error processing flight 346316IBE31SE: TRES results not found for flight 346316IBE31SE_1682343058
2025-06-17 09:48:53,295 - WARNING - Flight 346316IBE31SE failed: TRES results not found for flight 346316IBE31SE_1682343058
2025-06-17 09:48:53,295 - INFO - Processing flight 34659AIBE31VM
2025-06-17 09:48:53,296 - ERROR - Error processing flight 34659AIBE31VM: TRES results not found for flight 34659AIBE31VM_1680530627
2025-06-17 09:48:53,296 - WARNING - Flight 34659AIBE31VM failed: TRES results not found for flight 34659AIBE31VM_1680530627
2025-06-17 09:48:53,297 - INFO - Processing flight 346458IBE3180
2025-06-17 09:48:53,297 - ERROR - Error processing flight 346458IBE3180: TRES results not found for flight 346458IBE3180_1680534537
2025-06-17 09:48:53,297 - WARNING - Flight 346458IBE3180 failed: TRES results not found for flight 346458IBE3180_1680534537
2025-06-17 09:48:53,297 - INFO - Iteration 7 completed:
2025-06-17 09:48:53,297 - INFO -   - Successful flights: 0/5
2025-06-17 09:48:53,297 - INFO -   - Average log likelihood: nan
2025-06-17 09:48:53,297 - INFO -   - Gradient norm: 0.000000
2025-06-17 09:48:53,298 - INFO -   - Processing time: 0.01s
2025-06-17 09:48:53,298 - INFO - 
--- Iteration 8/100 ---
2025-06-17 09:48:53,298 - INFO - Processing flight 407462BAW465M
2025-06-17 09:48:53,299 - ERROR - Error processing flight 407462BAW465M: TRES results not found for flight 407462BAW465M_1682277266
2025-06-17 09:48:53,299 - WARNING - Flight 407462BAW465M failed: TRES results not found for flight 407462BAW465M_1682277266
2025-06-17 09:48:53,299 - INFO - Processing flight 347287IBE3170
2025-06-17 09:48:53,299 - ERROR - Error processing flight 347287IBE3170: TRES results not found for flight 347287IBE3170_1682227889
2025-06-17 09:48:53,299 - WARNING - Flight 347287IBE3170 failed: TRES results not found for flight 347287IBE3170_1682227889
2025-06-17 09:48:53,301 - INFO - Processing flight 3444C4IBE31HW
2025-06-17 09:48:53,392 - INFO - Running SVI sequentially for flight 3444C4IBE31HW (debug mode)
2025-06-17 09:48:53,411 - ERROR - Error processing flight 3444C4IBE31HW: 'numpy.ndarray' object has no attribute 'to'
2025-06-17 09:48:53,411 - WARNING - Flight 3444C4IBE31HW failed: 'numpy.ndarray' object has no attribute 'to'
2025-06-17 09:48:53,415 - INFO - Processing flight 344346IBE31VM
2025-06-17 09:48:53,513 - INFO - Running SVI sequentially for flight 344346IBE31VM (debug mode)
2025-06-17 09:48:53,532 - ERROR - Error processing flight 344346IBE31VM: 'numpy.ndarray' object has no attribute 'to'
2025-06-17 09:48:53,534 - WARNING - Flight 344346IBE31VM failed: 'numpy.ndarray' object has no attribute 'to'
2025-06-17 09:48:53,536 - INFO - Processing flight 346303IBE31ZF
2025-06-17 09:48:53,536 - ERROR - Error processing flight 346303IBE31ZF: TRES results not found for flight 346303IBE31ZF_1681716217
2025-06-17 09:48:53,536 - WARNING - Flight 346303IBE31ZF failed: TRES results not found for flight 346303IBE31ZF_1681716217
2025-06-17 09:48:53,536 - INFO - Iteration 8 completed:
2025-06-17 09:48:53,536 - INFO -   - Successful flights: 0/5
2025-06-17 09:48:53,542 - INFO -   - Average log likelihood: nan
2025-06-17 09:48:53,542 - INFO -   - Gradient norm: 0.000000
2025-06-17 09:48:53,542 - INFO -   - Processing time: 0.24s
2025-06-17 09:48:53,543 - INFO - 
--- Iteration 9/100 ---
2025-06-17 09:48:53,543 - INFO - Processing flight 346146IBE31VM
2025-06-17 09:48:53,545 - ERROR - Error processing flight 346146IBE31VM: TRES results not found for flight 346146IBE31VM_1682345158
2025-06-17 09:48:53,545 - WARNING - Flight 346146IBE31VM failed: TRES results not found for flight 346146IBE31VM_1682345158
2025-06-17 09:48:53,545 - INFO - Processing flight 346499IBE31HG
2025-06-17 09:48:53,545 - ERROR - Error processing flight 346499IBE31HG: TRES results not found for flight 346499IBE31HG_1682611887
2025-06-17 09:48:53,545 - WARNING - Flight 346499IBE31HG failed: TRES results not found for flight 346499IBE31HG_1682611887
2025-06-17 09:48:53,545 - INFO - Processing flight 4075FFBAW465M
2025-06-17 09:48:53,545 - ERROR - Error processing flight 4075FFBAW465M: TRES results not found for flight 4075FFBAW465M_1682709068
2025-06-17 09:48:53,545 - WARNING - Flight 4075FFBAW465M failed: TRES results not found for flight 4075FFBAW465M_1682709068
2025-06-17 09:48:53,545 - INFO - Processing flight 407D75BAW465M
2025-06-17 09:48:53,545 - ERROR - Error processing flight 407D75BAW465M: TRES results not found for flight 407D75BAW465M_1682882435
2025-06-17 09:48:53,545 - WARNING - Flight 407D75BAW465M failed: TRES results not found for flight 407D75BAW465M_1682882435
2025-06-17 09:48:53,545 - INFO - Processing flight 344503IBE31HW
2025-06-17 09:48:53,642 - INFO - Running SVI sequentially for flight 344503IBE31HW (debug mode)
2025-06-17 09:48:53,665 - ERROR - Error processing flight 344503IBE31HW: 'numpy.ndarray' object has no attribute 'to'
2025-06-17 09:48:53,665 - WARNING - Flight 344503IBE31HW failed: 'numpy.ndarray' object has no attribute 'to'
2025-06-17 09:48:53,665 - INFO - Iteration 9 completed:
2025-06-17 09:48:53,665 - INFO -   - Successful flights: 0/5
2025-06-17 09:48:53,665 - INFO -   - Average log likelihood: nan
2025-06-17 09:48:53,665 - INFO -   - Gradient norm: 0.000000
2025-06-17 09:48:53,665 - INFO -   - Processing time: 0.12s
2025-06-17 09:48:53,670 - INFO - 
--- Iteration 10/100 ---
2025-06-17 09:48:53,674 - INFO - Processing flight 405A47BAW461M
2025-06-17 09:48:53,676 - ERROR - Error processing flight 405A47BAW461M: TRES results not found for flight 405A47BAW461M_1682785390
2025-06-17 09:48:53,677 - WARNING - Flight 405A47BAW461M failed: TRES results not found for flight 405A47BAW461M_1682785390
2025-06-17 09:48:53,678 - INFO - Processing flight 406531BAW461M
2025-06-17 09:48:53,678 - ERROR - Error processing flight 406531BAW461M: TRES results not found for flight 406531BAW461M_1681319075
2025-06-17 09:48:53,679 - WARNING - Flight 406531BAW461M failed: TRES results not found for flight 406531BAW461M_1681319075
2025-06-17 09:48:53,680 - INFO - Processing flight 40097CBAW465M
2025-06-17 09:48:53,681 - ERROR - Error processing flight 40097CBAW465M: TRES results not found for flight 40097CBAW465M_1682451116
2025-06-17 09:48:53,681 - WARNING - Flight 40097CBAW465M failed: TRES results not found for flight 40097CBAW465M_1682451116
2025-06-17 09:48:53,681 - INFO - Processing flight 346458IBE31ZF
2025-06-17 09:48:53,683 - ERROR - Error processing flight 346458IBE31ZF: TRES results not found for flight 346458IBE31ZF_1680593241
2025-06-17 09:48:53,683 - WARNING - Flight 346458IBE31ZF failed: TRES results not found for flight 346458IBE31ZF_1680593241
2025-06-17 09:48:53,683 - INFO - Processing flight 346555IBE31VM
2025-06-17 09:48:53,683 - ERROR - Error processing flight 346555IBE31VM: TRES results not found for flight 346555IBE31VM_1680617692
2025-06-17 09:48:53,684 - WARNING - Flight 346555IBE31VM failed: TRES results not found for flight 346555IBE31VM_1680617692
2025-06-17 09:48:53,684 - INFO - Iteration 10 completed:
2025-06-17 09:48:53,684 - INFO -   - Successful flights: 0/5
2025-06-17 09:48:53,684 - INFO -   - Average log likelihood: nan
2025-06-17 09:48:53,684 - INFO -   - Gradient norm: 0.000000
2025-06-17 09:48:53,684 - INFO -   - Processing time: 0.01s
2025-06-17 09:48:53,725 - INFO - Checkpoint saved to data/cases/LEMD_EGLL\batch_sgd_results\checkpoint_iter_10.pt
2025-06-17 09:48:53,725 - INFO - 
--- Iteration 11/100 ---
2025-06-17 09:48:53,725 - INFO - Processing flight 346147IBE31SE
2025-06-17 09:48:53,725 - ERROR - Error processing flight 346147IBE31SE: TRES results not found for flight 346147IBE31SE_1680354743
2025-06-17 09:48:53,725 - WARNING - Flight 346147IBE31SE failed: TRES results not found for flight 346147IBE31SE_1680354743
2025-06-17 09:48:53,725 - INFO - Processing flight 40697CBAW457
2025-06-17 09:48:53,725 - ERROR - Error processing flight 40697CBAW457: TRES results not found for flight 40697CBAW457_1680343549
2025-06-17 09:48:53,725 - WARNING - Flight 40697CBAW457 failed: TRES results not found for flight 40697CBAW457_1680343549
2025-06-17 09:48:53,725 - INFO - Processing flight 347453IBE31SE
2025-06-17 09:48:53,740 - ERROR - Error processing flight 347453IBE31SE: TRES results not found for flight 347453IBE31SE_1681305920
2025-06-17 09:48:53,741 - WARNING - Flight 347453IBE31SE failed: TRES results not found for flight 347453IBE31SE_1681305920
2025-06-17 09:48:53,741 - INFO - Processing flight 407844BAW43M
2025-06-17 09:48:53,742 - ERROR - Error processing flight 407844BAW43M: TRES results not found for flight 407844BAW43M_1682445417
2025-06-17 09:48:53,743 - WARNING - Flight 407844BAW43M failed: TRES results not found for flight 407844BAW43M_1682445417
2025-06-17 09:48:53,743 - INFO - Processing flight 400AFFBAW45EM
2025-06-17 09:48:53,743 - ERROR - Error processing flight 400AFFBAW45EM: TRES results not found for flight 400AFFBAW45EM_1681986306
2025-06-17 09:48:53,744 - WARNING - Flight 400AFFBAW45EM failed: TRES results not found for flight 400AFFBAW45EM_1681986306
2025-06-17 09:48:53,745 - INFO - Iteration 11 completed:
2025-06-17 09:48:53,745 - INFO -   - Successful flights: 0/5
2025-06-17 09:48:53,745 - INFO -   - Average log likelihood: nan
2025-06-17 09:48:53,745 - INFO -   - Gradient norm: 0.000000
2025-06-17 09:48:53,745 - INFO -   - Processing time: 0.02s
2025-06-17 09:48:53,745 - INFO - 
--- Iteration 12/100 ---
2025-06-17 09:48:53,745 - INFO - Processing flight 345691IBE31SE
2025-06-17 09:48:53,745 - ERROR - Error processing flight 345691IBE31SE: TRES results not found for flight 345691IBE31SE_1680700624
2025-06-17 09:48:53,745 - WARNING - Flight 345691IBE31SE failed: TRES results not found for flight 345691IBE31SE_1680700624
2025-06-17 09:48:53,745 - INFO - Processing flight 345691IBE31ZF
2025-06-17 09:48:53,745 - ERROR - Error processing flight 345691IBE31ZF: TRES results not found for flight 345691IBE31ZF_1680420338
2025-06-17 09:48:53,745 - WARNING - Flight 345691IBE31ZF failed: TRES results not found for flight 345691IBE31ZF_1680420338
2025-06-17 09:48:53,745 - INFO - Processing flight 34660BIBE31HG
2025-06-17 09:48:53,745 - ERROR - Error processing flight 34660BIBE31HG: TRES results not found for flight 34660BIBE31HG_1680451924
2025-06-17 09:48:53,745 - WARNING - Flight 34660BIBE31HG failed: TRES results not found for flight 34660BIBE31HG_1680451924
2025-06-17 09:48:53,751 - INFO - Processing flight 3472CCIBE31HG
2025-06-17 09:48:53,751 - ERROR - Error processing flight 3472CCIBE31HG: TRES results not found for flight 3472CCIBE31HG_1682439626
2025-06-17 09:48:53,751 - WARNING - Flight 3472CCIBE31HG failed: TRES results not found for flight 3472CCIBE31HG_1682439626
2025-06-17 09:48:53,751 - INFO - Processing flight 345319IBE31HW
2025-06-17 09:48:53,752 - ERROR - Error processing flight 345319IBE31HW: TRES results not found for flight 345319IBE31HW_1681281403
2025-06-17 09:48:53,752 - WARNING - Flight 345319IBE31HW failed: TRES results not found for flight 345319IBE31HW_1681281403
2025-06-17 09:48:53,752 - INFO - Iteration 12 completed:
2025-06-17 09:48:53,752 - INFO -   - Successful flights: 0/5
2025-06-17 09:48:53,752 - INFO -   - Average log likelihood: nan
2025-06-17 09:48:53,752 - INFO -   - Gradient norm: 0.000000
2025-06-17 09:48:53,752 - INFO -   - Processing time: 0.01s
2025-06-17 09:48:53,752 - INFO - 
--- Iteration 13/100 ---
2025-06-17 09:48:53,753 - INFO - Processing flight 344304IBE31HW
2025-06-17 09:48:53,771 - INFO - Running SVI sequentially for flight 344304IBE31HW (debug mode)
2025-06-17 09:48:53,792 - ERROR - Error processing flight 344304IBE31HW: 'numpy.ndarray' object has no attribute 'to'
2025-06-17 09:48:53,792 - WARNING - Flight 344304IBE31HW failed: 'numpy.ndarray' object has no attribute 'to'
2025-06-17 09:48:53,798 - INFO - Processing flight 344344IBE31HW
2025-06-17 09:48:53,897 - INFO - Running SVI sequentially for flight 344344IBE31HW (debug mode)
2025-06-17 09:48:53,912 - ERROR - Error processing flight 344344IBE31HW: 'numpy.ndarray' object has no attribute 'to'
2025-06-17 09:48:53,912 - WARNING - Flight 344344IBE31HW failed: 'numpy.ndarray' object has no attribute 'to'
2025-06-17 09:48:53,912 - INFO - Processing flight 405A47BAW461M
2025-06-17 09:48:53,912 - ERROR - Error processing flight 405A47BAW461M: TRES results not found for flight 405A47BAW461M_1682785390
2025-06-17 09:48:53,923 - WARNING - Flight 405A47BAW461M failed: TRES results not found for flight 405A47BAW461M_1682785390
2025-06-17 09:48:53,923 - INFO - Processing flight 344345IBE31HW
2025-06-17 09:48:54,028 - INFO - Running SVI sequentially for flight 344345IBE31HW (debug mode)
2025-06-17 09:48:54,044 - ERROR - Error processing flight 344345IBE31HW: 'numpy.ndarray' object has no attribute 'to'
2025-06-17 09:48:54,044 - WARNING - Flight 344345IBE31HW failed: 'numpy.ndarray' object has no attribute 'to'
2025-06-17 09:48:54,048 - INFO - Processing flight 346458IBE31ZF
2025-06-17 09:48:54,048 - ERROR - Error processing flight 346458IBE31ZF: TRES results not found for flight 346458IBE31ZF_1680506485
2025-06-17 09:48:54,049 - WARNING - Flight 346458IBE31ZF failed: TRES results not found for flight 346458IBE31ZF_1680506485
2025-06-17 09:48:54,049 - INFO - Iteration 13 completed:
2025-06-17 09:48:54,050 - INFO -   - Successful flights: 0/5
2025-06-17 09:48:54,050 - INFO -   - Average log likelihood: nan
2025-06-17 09:48:54,050 - INFO -   - Gradient norm: 0.000000
2025-06-17 09:48:54,050 - INFO -   - Processing time: 0.30s
2025-06-17 09:48:54,050 - INFO - 
--- Iteration 14/100 ---
2025-06-17 09:48:54,051 - INFO - Processing flight 346316IBE3170
2025-06-17 09:48:54,051 - ERROR - Error processing flight 346316IBE3170: TRES results not found for flight 346316IBE3170_1681535725
2025-06-17 09:48:54,052 - WARNING - Flight 346316IBE3170 failed: TRES results not found for flight 346316IBE3170_1681535725
2025-06-17 09:48:54,052 - INFO - Processing flight 400AFDBAW465M
2025-06-17 09:48:54,053 - ERROR - Error processing flight 400AFDBAW465M: TRES results not found for flight 400AFDBAW465M_1681413207
2025-06-17 09:48:54,053 - WARNING - Flight 400AFDBAW465M failed: TRES results not found for flight 400AFDBAW465M_1681413207
2025-06-17 09:48:54,053 - INFO - Processing flight 347453IBE3170
2025-06-17 09:48:54,055 - ERROR - Error processing flight 347453IBE3170: TRES results not found for flight 347453IBE3170_1681104026
2025-06-17 09:48:54,055 - WARNING - Flight 347453IBE3170 failed: TRES results not found for flight 347453IBE3170_1681104026
2025-06-17 09:48:54,055 - INFO - Processing flight 40093EBAW43M
2025-06-17 09:48:54,055 - ERROR - Error processing flight 40093EBAW43M: TRES results not found for flight 40093EBAW43M_1682875253
2025-06-17 09:48:54,056 - WARNING - Flight 40093EBAW43M failed: TRES results not found for flight 40093EBAW43M_1682875253
2025-06-17 09:48:54,056 - INFO - Processing flight 346303IBE31ZF
2025-06-17 09:48:54,056 - ERROR - Error processing flight 346303IBE31ZF: TRES results not found for flight 346303IBE31ZF_1682753223
2025-06-17 09:48:54,057 - WARNING - Flight 346303IBE31ZF failed: TRES results not found for flight 346303IBE31ZF_1682753223
2025-06-17 09:48:54,057 - INFO - Iteration 14 completed:
2025-06-17 09:48:54,057 - INFO -   - Successful flights: 0/5
2025-06-17 09:48:54,057 - INFO -   - Average log likelihood: nan
2025-06-17 09:48:54,058 - INFO -   - Gradient norm: 0.000000
2025-06-17 09:48:54,058 - INFO -   - Processing time: 0.01s
2025-06-17 09:48:54,058 - INFO - 
--- Iteration 15/100 ---
2025-06-17 09:48:54,058 - INFO - Processing flight 461F6EBAW465M
2025-06-17 09:48:54,058 - ERROR - Error processing flight 461F6EBAW465M: TRES results not found for flight 461F6EBAW465M_1682366949
2025-06-17 09:48:54,058 - WARNING - Flight 461F6EBAW465M failed: TRES results not found for flight 461F6EBAW465M_1682366949
2025-06-17 09:48:54,060 - INFO - Processing flight 344345IBE31HW
2025-06-17 09:48:54,159 - INFO - Running SVI sequentially for flight 344345IBE31HW (debug mode)
2025-06-17 09:48:54,175 - ERROR - Error processing flight 344345IBE31HW: 'numpy.ndarray' object has no attribute 'to'
2025-06-17 09:48:54,175 - WARNING - Flight 344345IBE31HW failed: 'numpy.ndarray' object has no attribute 'to'
2025-06-17 09:48:54,179 - INFO - Processing flight 347219IBE31ZF
2025-06-17 09:48:54,179 - ERROR - Error processing flight 347219IBE31ZF: TRES results not found for flight 347219IBE31ZF_1682580004
2025-06-17 09:48:54,183 - WARNING - Flight 347219IBE31ZF failed: TRES results not found for flight 347219IBE31ZF_1682580004
2025-06-17 09:48:54,183 - INFO - Processing flight 347287IBE31ZF
2025-06-17 09:48:54,184 - ERROR - Error processing flight 347287IBE31ZF: TRES results not found for flight 347287IBE31ZF_1680765525
2025-06-17 09:48:54,184 - WARNING - Flight 347287IBE31ZF failed: TRES results not found for flight 347287IBE31ZF_1680765525
2025-06-17 09:48:54,185 - INFO - Processing flight 346386IBE31VM
2025-06-17 09:48:54,185 - ERROR - Error processing flight 346386IBE31VM: TRES results not found for flight 346386IBE31VM_1680361160
2025-06-17 09:48:54,186 - WARNING - Flight 346386IBE31VM failed: TRES results not found for flight 346386IBE31VM_1680361160
2025-06-17 09:48:54,186 - INFO - Iteration 15 completed:
2025-06-17 09:48:54,186 - INFO -   - Successful flights: 0/5
2025-06-17 09:48:54,186 - INFO -   - Average log likelihood: nan
2025-06-17 09:48:54,186 - INFO -   - Gradient norm: 0.000000
2025-06-17 09:48:54,186 - INFO -   - Processing time: 0.13s
2025-06-17 09:48:54,186 - INFO - 
--- Iteration 16/100 ---
2025-06-17 09:48:54,187 - INFO - Processing flight 347343IBE31VM
2025-06-17 09:48:54,187 - ERROR - Error processing flight 347343IBE31VM: TRES results not found for flight 347343IBE31VM_1681999047
2025-06-17 09:48:54,187 - WARNING - Flight 347343IBE31VM failed: TRES results not found for flight 347343IBE31VM_1681999047
2025-06-17 09:48:54,188 - INFO - Processing flight 345691IBE3180
2025-06-17 09:48:54,189 - ERROR - Error processing flight 345691IBE3180: TRES results not found for flight 345691IBE3180_1681743933
2025-06-17 09:48:54,189 - WARNING - Flight 345691IBE3180 failed: TRES results not found for flight 345691IBE3180_1681743933
2025-06-17 09:48:54,189 - INFO - Processing flight 34660BIBE31HG
2025-06-17 09:48:54,190 - ERROR - Error processing flight 34660BIBE31HG: TRES results not found for flight 34660BIBE31HG_1682870847
2025-06-17 09:48:54,190 - WARNING - Flight 34660BIBE31HG failed: TRES results not found for flight 34660BIBE31HG_1682870847
2025-06-17 09:48:54,190 - INFO - Processing flight 40097CBAW465M
2025-06-17 09:48:54,190 - ERROR - Error processing flight 40097CBAW465M: TRES results not found for flight 40097CBAW465M_1682451116
2025-06-17 09:48:54,190 - WARNING - Flight 40097CBAW465M failed: TRES results not found for flight 40097CBAW465M_1682451116
2025-06-17 09:48:54,191 - INFO - Processing flight 407B8EBAW45EM
2025-06-17 09:48:54,191 - ERROR - Error processing flight 407B8EBAW45EM: TRES results not found for flight 407B8EBAW45EM_1680604058
2025-06-17 09:48:54,191 - WARNING - Flight 407B8EBAW45EM failed: TRES results not found for flight 407B8EBAW45EM_1680604058
2025-06-17 09:48:54,192 - INFO - Iteration 16 completed:
2025-06-17 09:48:54,192 - INFO -   - Successful flights: 0/5
2025-06-17 09:48:54,193 - INFO -   - Average log likelihood: nan
2025-06-17 09:48:54,193 - INFO -   - Gradient norm: 0.000000
2025-06-17 09:48:54,193 - INFO -   - Processing time: 0.01s
2025-06-17 09:48:54,193 - INFO - 
--- Iteration 17/100 ---
2025-06-17 09:48:54,193 - INFO - Processing flight 34659AIBE31VM
2025-06-17 09:48:54,200 - ERROR - Error processing flight 34659AIBE31VM: TRES results not found for flight 34659AIBE31VM_1681826312
2025-06-17 09:48:54,200 - WARNING - Flight 34659AIBE31VM failed: TRES results not found for flight 34659AIBE31VM_1681826312
2025-06-17 09:48:54,203 - INFO - Processing flight 344345IBE31HW
2025-06-17 09:48:54,233 - INFO - Running SVI sequentially for flight 344345IBE31HW (debug mode)
2025-06-17 09:48:54,260 - ERROR - Error processing flight 344345IBE31HW: 'numpy.ndarray' object has no attribute 'to'
2025-06-17 09:48:54,260 - WARNING - Flight 344345IBE31HW failed: 'numpy.ndarray' object has no attribute 'to'
2025-06-17 09:48:54,260 - INFO - Processing flight 346303IBE3180
2025-06-17 09:48:54,260 - ERROR - Error processing flight 346303IBE3180: TRES results not found for flight 346303IBE3180_1681484484
2025-06-17 09:48:54,268 - WARNING - Flight 346303IBE3180 failed: TRES results not found for flight 346303IBE3180_1681484484
2025-06-17 09:48:54,268 - INFO - Processing flight 406531BAW465M
2025-06-17 09:48:54,269 - ERROR - Error processing flight 406531BAW465M: TRES results not found for flight 406531BAW465M_1680461396
2025-06-17 09:48:54,269 - WARNING - Flight 406531BAW465M failed: TRES results not found for flight 406531BAW465M_1680461396
2025-06-17 09:48:54,270 - INFO - Processing flight 346303IBE31SE
2025-06-17 09:48:54,270 - ERROR - Error processing flight 346303IBE31SE: TRES results not found for flight 346303IBE31SE_1682430724
2025-06-17 09:48:54,270 - WARNING - Flight 346303IBE31SE failed: TRES results not found for flight 346303IBE31SE_1682430724
2025-06-17 09:48:54,271 - INFO - Iteration 17 completed:
2025-06-17 09:48:54,271 - INFO -   - Successful flights: 0/5
2025-06-17 09:48:54,271 - INFO -   - Average log likelihood: nan
2025-06-17 09:48:54,271 - INFO -   - Gradient norm: 0.000000
2025-06-17 09:48:54,271 - INFO -   - Processing time: 0.08s
2025-06-17 09:48:54,271 - INFO - 
--- Iteration 18/100 ---
2025-06-17 09:48:54,271 - INFO - Processing flight 344345IBE31HW
2025-06-17 09:48:54,351 - INFO - Running SVI sequentially for flight 344345IBE31HW (debug mode)
2025-06-17 09:48:54,369 - ERROR - Error processing flight 344345IBE31HW: 'numpy.ndarray' object has no attribute 'to'
2025-06-17 09:48:54,369 - WARNING - Flight 344345IBE31HW failed: 'numpy.ndarray' object has no attribute 'to'
2025-06-17 09:48:54,373 - INFO - Processing flight 405A49BAW461M
2025-06-17 09:48:54,373 - ERROR - Error processing flight 405A49BAW461M: TRES results not found for flight 405A49BAW461M_1680622363
2025-06-17 09:48:54,374 - WARNING - Flight 405A49BAW461M failed: TRES results not found for flight 405A49BAW461M_1680622363
2025-06-17 09:48:54,374 - INFO - Processing flight 346458IBE31ZF
2025-06-17 09:48:54,374 - ERROR - Error processing flight 346458IBE31ZF: TRES results not found for flight 346458IBE31ZF_1680506485
2025-06-17 09:48:54,375 - WARNING - Flight 346458IBE31ZF failed: TRES results not found for flight 346458IBE31ZF_1680506485
2025-06-17 09:48:54,375 - INFO - Processing flight 4063DEBAW43M
2025-06-17 09:48:54,376 - ERROR - Error processing flight 4063DEBAW43M: TRES results not found for flight 4063DEBAW43M_1681495028
2025-06-17 09:48:54,376 - WARNING - Flight 4063DEBAW43M failed: TRES results not found for flight 4063DEBAW43M_1681495028
2025-06-17 09:48:54,377 - INFO - Processing flight 34640EIBE31VM
2025-06-17 09:48:54,378 - ERROR - Error processing flight 34640EIBE31VM: TRES results not found for flight 34640EIBE31VM_1681313003
2025-06-17 09:48:54,378 - WARNING - Flight 34640EIBE31VM failed: TRES results not found for flight 34640EIBE31VM_1681313003
2025-06-17 09:48:54,379 - INFO - Iteration 18 completed:
2025-06-17 09:48:54,379 - INFO -   - Successful flights: 0/5
2025-06-17 09:48:54,380 - INFO -   - Average log likelihood: nan
2025-06-17 09:48:54,380 - INFO -   - Gradient norm: 0.000000
2025-06-17 09:48:54,380 - INFO -   - Processing time: 0.11s
2025-06-17 09:48:54,380 - INFO - 
--- Iteration 19/100 ---
2025-06-17 09:48:54,381 - INFO - Processing flight 406A3EBAW465M
2025-06-17 09:48:54,382 - ERROR - Error processing flight 406A3EBAW465M: TRES results not found for flight 406A3EBAW465M_1681584987
2025-06-17 09:48:54,382 - WARNING - Flight 406A3EBAW465M failed: TRES results not found for flight 406A3EBAW465M_1681584987
2025-06-17 09:48:54,383 - INFO - Processing flight 346419IBE31VM
2025-06-17 09:48:54,383 - ERROR - Error processing flight 346419IBE31VM: TRES results not found for flight 346419IBE31VM_1681135462
2025-06-17 09:48:54,383 - WARNING - Flight 346419IBE31VM failed: TRES results not found for flight 346419IBE31VM_1681135462
2025-06-17 09:48:54,384 - INFO - Processing flight 344502IBE31HW
2025-06-17 09:48:54,475 - INFO - Running SVI sequentially for flight 344502IBE31HW (debug mode)
2025-06-17 09:48:54,492 - ERROR - Error processing flight 344502IBE31HW: 'numpy.ndarray' object has no attribute 'to'
2025-06-17 09:48:54,492 - WARNING - Flight 344502IBE31HW failed: 'numpy.ndarray' object has no attribute 'to'
2025-06-17 09:48:54,497 - INFO - Processing flight 40097DBAW461M
2025-06-17 09:48:54,498 - ERROR - Error processing flight 40097DBAW461M: TRES results not found for flight 40097DBAW461M_1681749066
2025-06-17 09:48:54,500 - WARNING - Flight 40097DBAW461M failed: TRES results not found for flight 40097DBAW461M_1681749066
2025-06-17 09:48:54,500 - INFO - Processing flight 461F69BAW43M
2025-06-17 09:48:54,501 - ERROR - Error processing flight 461F69BAW43M: TRES results not found for flight 461F69BAW43M_1681409061
2025-06-17 09:48:54,502 - WARNING - Flight 461F69BAW43M failed: TRES results not found for flight 461F69BAW43M_1681409061
2025-06-17 09:48:54,502 - INFO - Iteration 19 completed:
2025-06-17 09:48:54,502 - INFO -   - Successful flights: 0/5
2025-06-17 09:48:54,502 - INFO -   - Average log likelihood: nan
2025-06-17 09:48:54,502 - INFO -   - Gradient norm: 0.000000
2025-06-17 09:48:54,502 - INFO -   - Processing time: 0.12s
2025-06-17 09:48:54,502 - INFO - 
--- Iteration 20/100 ---
2025-06-17 09:48:54,503 - INFO - Processing flight 347453IBE31ZF
2025-06-17 09:48:54,504 - ERROR - Error processing flight 347453IBE31ZF: TRES results not found for flight 347453IBE31ZF_1681370746
2025-06-17 09:48:54,504 - WARNING - Flight 347453IBE31ZF failed: TRES results not found for flight 347453IBE31ZF_1681370746
2025-06-17 09:48:54,504 - INFO - Processing flight 40624EBAW457
2025-06-17 09:48:54,505 - ERROR - Error processing flight 40624EBAW457: TRES results not found for flight 40624EBAW457_1682849010
2025-06-17 09:48:54,505 - WARNING - Flight 40624EBAW457 failed: TRES results not found for flight 40624EBAW457_1682849010
2025-06-17 09:48:54,505 - INFO - Processing flight 406531BAW465M
2025-06-17 09:48:54,506 - ERROR - Error processing flight 406531BAW465M: TRES results not found for flight 406531BAW465M_1680461396
2025-06-17 09:48:54,506 - WARNING - Flight 406531BAW465M failed: TRES results not found for flight 406531BAW465M_1680461396
2025-06-17 09:48:54,506 - INFO - Processing flight 346499IBE31HG
2025-06-17 09:48:54,506 - ERROR - Error processing flight 346499IBE31HG: TRES results not found for flight 346499IBE31HG_1682611887
2025-06-17 09:48:54,507 - WARNING - Flight 346499IBE31HG failed: TRES results not found for flight 346499IBE31HG_1682611887
2025-06-17 09:48:54,507 - INFO - Processing flight 347287IBE31ZF
2025-06-17 09:48:54,507 - ERROR - Error processing flight 347287IBE31ZF: TRES results not found for flight 347287IBE31ZF_1680334884
2025-06-17 09:48:54,508 - WARNING - Flight 347287IBE31ZF failed: TRES results not found for flight 347287IBE31ZF_1680334884
2025-06-17 09:48:54,508 - INFO - Iteration 20 completed:
2025-06-17 09:48:54,508 - INFO -   - Successful flights: 0/5
2025-06-17 09:48:54,508 - INFO -   - Average log likelihood: nan
2025-06-17 09:48:54,508 - INFO -   - Gradient norm: 0.000000
2025-06-17 09:48:54,508 - INFO -   - Processing time: 0.01s
2025-06-17 09:48:54,547 - INFO - Checkpoint saved to data/cases/LEMD_EGLL\batch_sgd_results\checkpoint_iter_20.pt
2025-06-17 09:48:54,547 - INFO - 
--- Iteration 21/100 ---
2025-06-17 09:48:54,549 - INFO - Processing flight 345692IBE3170
2025-06-17 09:48:54,550 - ERROR - Error processing flight 345692IBE3170: TRES results not found for flight 345692IBE3170_1680844589
2025-06-17 09:48:54,550 - WARNING - Flight 345692IBE3170 failed: TRES results not found for flight 345692IBE3170_1680844589
2025-06-17 09:48:54,550 - INFO - Processing flight 346458IBE3170
2025-06-17 09:48:54,550 - ERROR - Error processing flight 346458IBE3170: TRES results not found for flight 346458IBE3170_1681708713
2025-06-17 09:48:54,550 - WARNING - Flight 346458IBE3170 failed: TRES results not found for flight 346458IBE3170_1681708713
2025-06-17 09:48:54,550 - INFO - Processing flight 347344IBE31FY
2025-06-17 09:48:54,550 - ERROR - Error processing flight 347344IBE31FY: TRES results not found for flight 347344IBE31FY_1680608936
2025-06-17 09:48:54,550 - WARNING - Flight 347344IBE31FY failed: TRES results not found for flight 347344IBE31FY_1680608936
2025-06-17 09:48:54,550 - INFO - Processing flight 4063DEBAW461M
2025-06-17 09:48:54,554 - ERROR - Error processing flight 4063DEBAW461M: TRES results not found for flight 4063DEBAW461M_1680881458
2025-06-17 09:48:54,554 - WARNING - Flight 4063DEBAW461M failed: TRES results not found for flight 4063DEBAW461M_1680881458
2025-06-17 09:48:54,554 - INFO - Processing flight 461F6EBAW465M
2025-06-17 09:48:54,555 - ERROR - Error processing flight 461F6EBAW465M: TRES results not found for flight 461F6EBAW465M_1682366949
2025-06-17 09:48:54,555 - WARNING - Flight 461F6EBAW465M failed: TRES results not found for flight 461F6EBAW465M_1682366949
2025-06-17 09:48:54,555 - INFO - Iteration 21 completed:
2025-06-17 09:48:54,555 - INFO -   - Successful flights: 0/5
2025-06-17 09:48:54,555 - INFO -   - Average log likelihood: nan
2025-06-17 09:48:54,555 - INFO -   - Gradient norm: 0.000000
2025-06-17 09:48:54,555 - INFO -   - Processing time: 0.01s
2025-06-17 09:48:54,555 - INFO - 
--- Iteration 22/100 ---
2025-06-17 09:48:54,556 - INFO - Processing flight 346316IBE3170
2025-06-17 09:48:54,556 - ERROR - Error processing flight 346316IBE3170: TRES results not found for flight 346316IBE3170_1681364240
2025-06-17 09:48:54,556 - WARNING - Flight 346316IBE3170 failed: TRES results not found for flight 346316IBE3170_1681364240
2025-06-17 09:48:54,556 - INFO - Processing flight 440BC8BCS8461
2025-06-17 09:48:54,557 - ERROR - Error processing flight 440BC8BCS8461: TRES results not found for flight 440BC8BCS8461_1682703358
2025-06-17 09:48:54,557 - WARNING - Flight 440BC8BCS8461 failed: TRES results not found for flight 440BC8BCS8461_1682703358
2025-06-17 09:48:54,557 - INFO - Processing flight 346303IBE3170
2025-06-17 09:48:54,557 - ERROR - Error processing flight 346303IBE3170: TRES results not found for flight 346303IBE3170_1681277499
2025-06-17 09:48:54,559 - WARNING - Flight 346303IBE3170 failed: TRES results not found for flight 346303IBE3170_1681277499
2025-06-17 09:48:54,560 - INFO - Processing flight 461F6DBAW43M
2025-06-17 09:48:54,560 - ERROR - Error processing flight 461F6DBAW43M: TRES results not found for flight 461F6DBAW43M_1680805822
2025-06-17 09:48:54,560 - WARNING - Flight 461F6DBAW43M failed: TRES results not found for flight 461F6DBAW43M_1680805822
2025-06-17 09:48:54,561 - INFO - Processing flight 345691IBE3170
2025-06-17 09:48:54,561 - ERROR - Error processing flight 345691IBE3170: TRES results not found for flight 345691IBE3170_1680673385
2025-06-17 09:48:54,562 - WARNING - Flight 345691IBE3170 failed: TRES results not found for flight 345691IBE3170_1680673385
2025-06-17 09:48:54,562 - INFO - Iteration 22 completed:
2025-06-17 09:48:54,562 - INFO -   - Successful flights: 0/5
2025-06-17 09:48:54,563 - INFO -   - Average log likelihood: nan
2025-06-17 09:48:54,564 - INFO -   - Gradient norm: 0.000000
2025-06-17 09:48:54,564 - INFO -   - Processing time: 0.01s
2025-06-17 09:48:54,564 - INFO - 
--- Iteration 23/100 ---
2025-06-17 09:48:54,564 - INFO - Processing flight 344503IBE31HW
2025-06-17 09:48:54,664 - INFO - Running SVI sequentially for flight 344503IBE31HW (debug mode)
2025-06-17 09:48:54,682 - ERROR - Error processing flight 344503IBE31HW: 'numpy.ndarray' object has no attribute 'to'
2025-06-17 09:48:54,682 - WARNING - Flight 344503IBE31HW failed: 'numpy.ndarray' object has no attribute 'to'
2025-06-17 09:48:54,682 - INFO - Processing flight 345692IBE31SE
2025-06-17 09:48:54,682 - ERROR - Error processing flight 345692IBE31SE: TRES results not found for flight 345692IBE31SE_1681133426
2025-06-17 09:48:54,682 - WARNING - Flight 345692IBE31SE failed: TRES results not found for flight 345692IBE31SE_1681133426
2025-06-17 09:48:54,688 - INFO - Processing flight 347453IBE31HG
2025-06-17 09:48:54,689 - ERROR - Error processing flight 347453IBE31HG: TRES results not found for flight 347453IBE31HG_1680624270
2025-06-17 09:48:54,689 - WARNING - Flight 347453IBE31HG failed: TRES results not found for flight 347453IBE31HG_1680624270
2025-06-17 09:48:54,690 - INFO - Processing flight 4009DABAW457
2025-06-17 09:48:54,690 - ERROR - Error processing flight 4009DABAW457: TRES results not found for flight 4009DABAW457_1680945474
2025-06-17 09:48:54,691 - WARNING - Flight 4009DABAW457 failed: TRES results not found for flight 4009DABAW457_1680945474
2025-06-17 09:48:54,691 - INFO - Processing flight 346316IBE31SE
2025-06-17 09:48:54,692 - ERROR - Error processing flight 346316IBE31SE: TRES results not found for flight 346316IBE31SE_1682343058
2025-06-17 09:48:54,692 - WARNING - Flight 346316IBE31SE failed: TRES results not found for flight 346316IBE31SE_1682343058
2025-06-17 09:48:54,695 - INFO - Iteration 23 completed:
2025-06-17 09:48:54,695 - INFO -   - Successful flights: 0/5
2025-06-17 09:48:54,695 - INFO -   - Average log likelihood: nan
2025-06-17 09:48:54,696 - INFO -   - Gradient norm: 0.000000
2025-06-17 09:48:54,696 - INFO -   - Processing time: 0.13s
2025-06-17 09:48:54,697 - INFO - 
--- Iteration 24/100 ---
2025-06-17 09:48:54,698 - INFO - Processing flight 344503IBE31HW
2025-06-17 09:48:54,715 - INFO - Running SVI sequentially for flight 344503IBE31HW (debug mode)
2025-06-17 09:48:54,733 - ERROR - Error processing flight 344503IBE31HW: 'numpy.ndarray' object has no attribute 'to'
2025-06-17 09:48:54,733 - WARNING - Flight 344503IBE31HW failed: 'numpy.ndarray' object has no attribute 'to'
2025-06-17 09:48:54,737 - INFO - Processing flight 344502IBE31VM
2025-06-17 09:48:54,749 - INFO - Running SVI sequentially for flight 344502IBE31VM (debug mode)
2025-06-17 09:48:54,767 - ERROR - Error processing flight 344502IBE31VM: 'numpy.ndarray' object has no attribute 'to'
2025-06-17 09:48:54,767 - WARNING - Flight 344502IBE31VM failed: 'numpy.ndarray' object has no attribute 'to'
2025-06-17 09:48:54,773 - INFO - Processing flight 4075FFBAW43M
2025-06-17 09:48:54,774 - ERROR - Error processing flight 4075FFBAW43M: TRES results not found for flight 4075FFBAW43M_1681236718
2025-06-17 09:48:54,774 - WARNING - Flight 4075FFBAW43M failed: TRES results not found for flight 4075FFBAW43M_1681236718
2025-06-17 09:48:54,776 - INFO - Processing flight 40697CBAW457
2025-06-17 09:48:54,777 - ERROR - Error processing flight 40697CBAW457: TRES results not found for flight 40697CBAW457_1680343549
2025-06-17 09:48:54,777 - WARNING - Flight 40697CBAW457 failed: TRES results not found for flight 40697CBAW457_1680343549
2025-06-17 09:48:54,778 - INFO - Processing flight 346499IBE31ZF
2025-06-17 09:48:54,778 - ERROR - Error processing flight 346499IBE31ZF: TRES results not found for flight 346499IBE31ZF_1681629392
2025-06-17 09:48:54,778 - WARNING - Flight 346499IBE31ZF failed: TRES results not found for flight 346499IBE31ZF_1681629392
2025-06-17 09:48:54,778 - INFO - Iteration 24 completed:
2025-06-17 09:48:54,778 - INFO -   - Successful flights: 0/5
2025-06-17 09:48:54,778 - INFO -   - Average log likelihood: nan
2025-06-17 09:48:54,778 - INFO -   - Gradient norm: 0.000000
2025-06-17 09:48:54,778 - INFO -   - Processing time: 0.08s
2025-06-17 09:48:54,778 - INFO - 
--- Iteration 25/100 ---
2025-06-17 09:48:54,778 - INFO - Processing flight 345691IBE3170
2025-06-17 09:48:54,778 - ERROR - Error processing flight 345691IBE3170: TRES results not found for flight 345691IBE3170_1680673385
2025-06-17 09:48:54,778 - WARNING - Flight 345691IBE3170 failed: TRES results not found for flight 345691IBE3170_1680673385
2025-06-17 09:48:54,778 - INFO - Processing flight 407D74BAW465M
2025-06-17 09:48:54,783 - ERROR - Error processing flight 407D74BAW465M: TRES results not found for flight 407D74BAW465M_1681671312
2025-06-17 09:48:54,783 - WARNING - Flight 407D74BAW465M failed: TRES results not found for flight 407D74BAW465M_1681671312
2025-06-17 09:48:54,783 - INFO - Processing flight 3444C4IBE31HW
2025-06-17 09:48:54,884 - INFO - Running SVI sequentially for flight 3444C4IBE31HW (debug mode)
2025-06-17 09:48:54,903 - ERROR - Error processing flight 3444C4IBE31HW: 'numpy.ndarray' object has no attribute 'to'
2025-06-17 09:48:54,903 - WARNING - Flight 3444C4IBE31HW failed: 'numpy.ndarray' object has no attribute 'to'
2025-06-17 09:48:54,908 - INFO - Processing flight 405A4ABAW43M
2025-06-17 09:48:54,909 - ERROR - Error processing flight 405A4ABAW43M: TRES results not found for flight 405A4ABAW43M_1681149444
2025-06-17 09:48:54,910 - WARNING - Flight 405A4ABAW43M failed: TRES results not found for flight 405A4ABAW43M_1681149444
2025-06-17 09:48:54,911 - INFO - Processing flight 461F6DBAW43M
2025-06-17 09:48:54,911 - ERROR - Error processing flight 461F6DBAW43M: TRES results not found for flight 461F6DBAW43M_1680805822
2025-06-17 09:48:54,912 - WARNING - Flight 461F6DBAW43M failed: TRES results not found for flight 461F6DBAW43M_1680805822
2025-06-17 09:48:54,913 - INFO - Iteration 25 completed:
2025-06-17 09:48:54,913 - INFO -   - Successful flights: 0/5
2025-06-17 09:48:54,914 - INFO -   - Average log likelihood: nan
2025-06-17 09:48:54,914 - INFO -   - Gradient norm: 0.000000
2025-06-17 09:48:54,914 - INFO -   - Processing time: 0.14s
2025-06-17 09:48:54,914 - INFO - 
--- Iteration 26/100 ---
2025-06-17 09:48:54,915 - INFO - Processing flight 346386IBE31VM
2025-06-17 09:48:54,916 - ERROR - Error processing flight 346386IBE31VM: TRES results not found for flight 346386IBE31VM_1681913578
2025-06-17 09:48:54,916 - WARNING - Flight 346386IBE31VM failed: TRES results not found for flight 346386IBE31VM_1681913578
2025-06-17 09:48:54,917 - INFO - Processing flight 347287IBE31HG
2025-06-17 09:48:54,917 - ERROR - Error processing flight 347287IBE31HG: TRES results not found for flight 347287IBE31HG_1680797140
2025-06-17 09:48:54,918 - WARNING - Flight 347287IBE31HG failed: TRES results not found for flight 347287IBE31HG_1680797140
2025-06-17 09:48:54,918 - INFO - Processing flight 346147IBE31SE
2025-06-17 09:48:54,918 - ERROR - Error processing flight 346147IBE31SE: TRES results not found for flight 346147IBE31SE_1680354743
2025-06-17 09:48:54,919 - WARNING - Flight 346147IBE31SE failed: TRES results not found for flight 346147IBE31SE_1680354743
2025-06-17 09:48:54,919 - INFO - Processing flight 347344IBE3170
2025-06-17 09:48:54,919 - ERROR - Error processing flight 347344IBE3170: TRES results not found for flight 347344IBE3170_1680931141
2025-06-17 09:48:54,920 - WARNING - Flight 347344IBE3170 failed: TRES results not found for flight 347344IBE3170_1680931141
2025-06-17 09:48:54,920 - INFO - Processing flight 346499IBE31ZF
2025-06-17 09:48:54,921 - ERROR - Error processing flight 346499IBE31ZF: TRES results not found for flight 346499IBE31ZF_1681629392
2025-06-17 09:48:54,921 - WARNING - Flight 346499IBE31ZF failed: TRES results not found for flight 346499IBE31ZF_1681629392
2025-06-17 09:48:54,922 - INFO - Iteration 26 completed:
2025-06-17 09:48:54,922 - INFO -   - Successful flights: 0/5
2025-06-17 09:48:54,922 - INFO -   - Average log likelihood: nan
2025-06-17 09:48:54,922 - INFO -   - Gradient norm: 0.000000
2025-06-17 09:48:54,922 - INFO -   - Processing time: 0.01s
2025-06-17 09:48:54,922 - INFO - 
--- Iteration 27/100 ---
2025-06-17 09:48:54,923 - INFO - Processing flight 4008ADBAW461M
2025-06-17 09:48:54,923 - ERROR - Error processing flight 4008ADBAW461M: TRES results not found for flight 4008ADBAW461M_1681921771
2025-06-17 09:48:54,924 - WARNING - Flight 4008ADBAW461M failed: TRES results not found for flight 4008ADBAW461M_1681921771
2025-06-17 09:48:54,924 - INFO - Processing flight 346316IBE3170
2025-06-17 09:48:54,924 - ERROR - Error processing flight 346316IBE3170: TRES results not found for flight 346316IBE3170_1681882411
2025-06-17 09:48:54,924 - WARNING - Flight 346316IBE3170 failed: TRES results not found for flight 346316IBE3170_1681882411
2025-06-17 09:48:54,925 - INFO - Processing flight 40123FBAW43M
2025-06-17 09:48:54,925 - ERROR - Error processing flight 40123FBAW43M: TRES results not found for flight 40123FBAW43M_1682013061
2025-06-17 09:48:54,926 - WARNING - Flight 40123FBAW43M failed: TRES results not found for flight 40123FBAW43M_1682013061
2025-06-17 09:48:54,926 - INFO - Processing flight 347344IBE3180
2025-06-17 09:48:54,928 - ERROR - Error processing flight 347344IBE3180: TRES results not found for flight 347344IBE3180_1681398781
2025-06-17 09:48:54,928 - WARNING - Flight 347344IBE3180 failed: TRES results not found for flight 347344IBE3180_1681398781
2025-06-17 09:48:54,929 - INFO - Processing flight 401240BAW45EM
2025-06-17 09:48:54,930 - ERROR - Error processing flight 401240BAW45EM: TRES results not found for flight 401240BAW45EM_1680778974
2025-06-17 09:48:54,930 - WARNING - Flight 401240BAW45EM failed: TRES results not found for flight 401240BAW45EM_1680778974
2025-06-17 09:48:54,930 - INFO - Iteration 27 completed:
2025-06-17 09:48:54,931 - INFO -   - Successful flights: 0/5
2025-06-17 09:48:54,931 - INFO -   - Average log likelihood: nan
2025-06-17 09:48:54,931 - INFO -   - Gradient norm: 0.000000
2025-06-17 09:48:54,931 - INFO -   - Processing time: 0.01s
2025-06-17 09:48:54,931 - INFO - 
--- Iteration 28/100 ---
2025-06-17 09:48:54,931 - INFO - Processing flight 347287IBE31FY
2025-06-17 09:48:54,933 - ERROR - Error processing flight 347287IBE31FY: TRES results not found for flight 347287IBE31FY_1682250178
2025-06-17 09:48:54,933 - WARNING - Flight 347287IBE31FY failed: TRES results not found for flight 347287IBE31FY_1682250178
2025-06-17 09:48:54,934 - INFO - Processing flight 347287IBE3180
2025-06-17 09:48:54,934 - ERROR - Error processing flight 347287IBE3180: TRES results not found for flight 347287IBE3180_1680707026
2025-06-17 09:48:54,934 - WARNING - Flight 347287IBE3180 failed: TRES results not found for flight 347287IBE3180_1680707026
2025-06-17 09:48:54,934 - INFO - Processing flight 3472CCIBE31HG
2025-06-17 09:48:54,935 - ERROR - Error processing flight 3472CCIBE31HG: TRES results not found for flight 3472CCIBE31HG_1682439626
2025-06-17 09:48:54,935 - WARNING - Flight 3472CCIBE31HG failed: TRES results not found for flight 3472CCIBE31HG_1682439626
2025-06-17 09:48:54,936 - INFO - Processing flight 347453IBE31ZF
2025-06-17 09:48:54,936 - ERROR - Error processing flight 347453IBE31ZF: TRES results not found for flight 347453IBE31ZF_1680679480
2025-06-17 09:48:54,936 - WARNING - Flight 347453IBE31ZF failed: TRES results not found for flight 347453IBE31ZF_1680679480
2025-06-17 09:48:54,936 - INFO - Processing flight 407B8EBAW45EM
2025-06-17 09:48:54,936 - ERROR - Error processing flight 407B8EBAW45EM: TRES results not found for flight 407B8EBAW45EM_1680604058
2025-06-17 09:48:54,936 - WARNING - Flight 407B8EBAW45EM failed: TRES results not found for flight 407B8EBAW45EM_1680604058
2025-06-17 09:48:54,936 - INFO - Iteration 28 completed:
2025-06-17 09:48:54,936 - INFO -   - Successful flights: 0/5
2025-06-17 09:48:54,936 - INFO -   - Average log likelihood: nan
2025-06-17 09:48:54,936 - INFO -   - Gradient norm: 0.000000
2025-06-17 09:48:54,936 - INFO -   - Processing time: 0.00s
2025-06-17 09:48:54,936 - INFO - 
--- Iteration 29/100 ---
2025-06-17 09:48:54,939 - INFO - Processing flight 346303IBE31HG
2025-06-17 09:48:54,939 - ERROR - Error processing flight 346303IBE31HG: TRES results not found for flight 346303IBE31HG_1682784518
2025-06-17 09:48:54,939 - WARNING - Flight 346303IBE31HG failed: TRES results not found for flight 346303IBE31HG_1682784518
2025-06-17 09:48:54,939 - INFO - Processing flight 346303IBE31FY
2025-06-17 09:48:54,940 - ERROR - Error processing flight 346303IBE31FY: TRES results not found for flight 346303IBE31FY_1680436106
2025-06-17 09:48:54,941 - WARNING - Flight 346303IBE31FY failed: TRES results not found for flight 346303IBE31FY_1680436106
2025-06-17 09:48:54,941 - INFO - Processing flight 344502IBE31HW
2025-06-17 09:48:55,012 - INFO - Running SVI sequentially for flight 344502IBE31HW (debug mode)
2025-06-17 09:48:55,036 - ERROR - Error processing flight 344502IBE31HW: 'numpy.ndarray' object has no attribute 'to'
2025-06-17 09:48:55,038 - WARNING - Flight 344502IBE31HW failed: 'numpy.ndarray' object has no attribute 'to'
2025-06-17 09:48:55,039 - INFO - Processing flight 34520CIBE31HW
2025-06-17 09:48:55,040 - ERROR - Error processing flight 34520CIBE31HW: TRES results not found for flight 34520CIBE31HW_1680502713
2025-06-17 09:48:55,041 - WARNING - Flight 34520CIBE31HW failed: TRES results not found for flight 34520CIBE31HW_1680502713
2025-06-17 09:48:55,041 - INFO - Processing flight 347344IBE31HG
2025-06-17 09:48:55,042 - ERROR - Error processing flight 347344IBE31HG: TRES results not found for flight 347344IBE31HG_1681144855
2025-06-17 09:48:55,043 - WARNING - Flight 347344IBE31HG failed: TRES results not found for flight 347344IBE31HG_1681144855
2025-06-17 09:48:55,043 - INFO - Iteration 29 completed:
2025-06-17 09:48:55,043 - INFO -   - Successful flights: 0/5
2025-06-17 09:48:55,043 - INFO -   - Average log likelihood: nan
2025-06-17 09:48:55,043 - INFO -   - Gradient norm: 0.000000
2025-06-17 09:48:55,043 - INFO -   - Processing time: 0.11s
2025-06-17 09:48:55,043 - INFO - 
--- Iteration 30/100 ---
2025-06-17 09:48:55,043 - INFO - Processing flight 347344IBE31SE
2025-06-17 09:48:55,043 - ERROR - Error processing flight 347344IBE31SE: TRES results not found for flight 347344IBE31SE_1681478020
2025-06-17 09:48:55,043 - WARNING - Flight 347344IBE31SE failed: TRES results not found for flight 347344IBE31SE_1681478020
2025-06-17 09:48:55,049 - INFO - Processing flight 346458IBE31FY
2025-06-17 09:48:55,049 - ERROR - Error processing flight 346458IBE31FY: TRES results not found for flight 346458IBE31FY_1681472727
2025-06-17 09:48:55,049 - WARNING - Flight 346458IBE31FY failed: TRES results not found for flight 346458IBE31FY_1681472727
2025-06-17 09:48:55,049 - INFO - Processing flight 345691IBE3170
2025-06-17 09:48:55,051 - ERROR - Error processing flight 345691IBE3170: TRES results not found for flight 345691IBE3170_1680330658
2025-06-17 09:48:55,051 - WARNING - Flight 345691IBE3170 failed: TRES results not found for flight 345691IBE3170_1680330658
2025-06-17 09:48:55,051 - INFO - Processing flight 405EE0BAW457
2025-06-17 09:48:55,052 - ERROR - Error processing flight 405EE0BAW457: TRES results not found for flight 405EE0BAW457_1681637732
2025-06-17 09:48:55,052 - WARNING - Flight 405EE0BAW457 failed: TRES results not found for flight 405EE0BAW457_1681637732
2025-06-17 09:48:55,052 - INFO - Processing flight 347219IBE31SE
2025-06-17 09:48:55,052 - ERROR - Error processing flight 347219IBE31SE: TRES results not found for flight 347219IBE31SE_1680614020
2025-06-17 09:48:55,052 - WARNING - Flight 347219IBE31SE failed: TRES results not found for flight 347219IBE31SE_1680614020
2025-06-17 09:48:55,053 - INFO - Iteration 30 completed:
2025-06-17 09:48:55,053 - INFO -   - Successful flights: 0/5
2025-06-17 09:48:55,053 - INFO -   - Average log likelihood: nan
2025-06-17 09:48:55,053 - INFO -   - Gradient norm: 0.000000
2025-06-17 09:48:55,053 - INFO -   - Processing time: 0.01s
2025-06-17 09:48:55,092 - INFO - Checkpoint saved to data/cases/LEMD_EGLL\batch_sgd_results\checkpoint_iter_30.pt
2025-06-17 09:48:55,093 - INFO - 
--- Iteration 31/100 ---
2025-06-17 09:48:55,094 - INFO - Processing flight 4076CDBAW43M
2025-06-17 09:48:55,095 - ERROR - Error processing flight 4076CDBAW43M: TRES results not found for flight 4076CDBAW43M_1680631062
2025-06-17 09:48:55,096 - WARNING - Flight 4076CDBAW43M failed: TRES results not found for flight 4076CDBAW43M_1680631062
2025-06-17 09:48:55,097 - INFO - Processing flight 346499IBE3170
2025-06-17 09:48:55,099 - ERROR - Error processing flight 346499IBE3170: TRES results not found for flight 346499IBE3170_1681190257
2025-06-17 09:48:55,099 - WARNING - Flight 346499IBE3170 failed: TRES results not found for flight 346499IBE3170_1681190257
2025-06-17 09:48:55,099 - INFO - Processing flight 400AFFBAW457
2025-06-17 09:48:55,100 - ERROR - Error processing flight 400AFFBAW457: TRES results not found for flight 400AFFBAW457_1682326211
2025-06-17 09:48:55,101 - WARNING - Flight 400AFFBAW457 failed: TRES results not found for flight 400AFFBAW457_1682326211
2025-06-17 09:48:55,101 - INFO - Processing flight 40093FBAW43M
2025-06-17 09:48:55,102 - ERROR - Error processing flight 40093FBAW43M: TRES results not found for flight 40093FBAW43M_1680974019
2025-06-17 09:48:55,102 - WARNING - Flight 40093FBAW43M failed: TRES results not found for flight 40093FBAW43M_1680974019
2025-06-17 09:48:55,103 - INFO - Processing flight 346458IBE3170
2025-06-17 09:48:55,104 - ERROR - Error processing flight 346458IBE3170: TRES results not found for flight 346458IBE3170_1681967794
2025-06-17 09:48:55,104 - WARNING - Flight 346458IBE3170 failed: TRES results not found for flight 346458IBE3170_1681967794
2025-06-17 09:48:55,104 - INFO - Iteration 31 completed:
2025-06-17 09:48:55,104 - INFO -   - Successful flights: 0/5
2025-06-17 09:48:55,104 - INFO -   - Average log likelihood: nan
2025-06-17 09:48:55,104 - INFO -   - Gradient norm: 0.000000
2025-06-17 09:48:55,104 - INFO -   - Processing time: 0.01s
2025-06-17 09:48:55,104 - INFO - 
--- Iteration 32/100 ---
2025-06-17 09:48:55,104 - INFO - Processing flight 345691IBE31SE
2025-06-17 09:48:55,104 - ERROR - Error processing flight 345691IBE31SE: TRES results not found for flight 345691IBE31SE_1680700624
2025-06-17 09:48:55,104 - WARNING - Flight 345691IBE31SE failed: TRES results not found for flight 345691IBE31SE_1680700624
2025-06-17 09:48:55,104 - INFO - Processing flight 40697CBAW457
2025-06-17 09:48:55,108 - ERROR - Error processing flight 40697CBAW457: TRES results not found for flight 40697CBAW457_1680343549
2025-06-17 09:48:55,108 - WARNING - Flight 40697CBAW457 failed: TRES results not found for flight 40697CBAW457_1680343549
2025-06-17 09:48:55,108 - INFO - Processing flight 461F6DBAW43M
2025-06-17 09:48:55,110 - ERROR - Error processing flight 461F6DBAW43M: TRES results not found for flight 461F6DBAW43M_1680805822
2025-06-17 09:48:55,110 - WARNING - Flight 461F6DBAW43M failed: TRES results not found for flight 461F6DBAW43M_1680805822
2025-06-17 09:48:55,110 - INFO - Processing flight 407B8FBAW461M
2025-06-17 09:48:55,111 - ERROR - Error processing flight 407B8FBAW461M: TRES results not found for flight 407B8FBAW461M_1681832307
2025-06-17 09:48:55,111 - WARNING - Flight 407B8FBAW461M failed: TRES results not found for flight 407B8FBAW461M_1681832307
2025-06-17 09:48:55,111 - INFO - Processing flight 3472CCIBE31HG
2025-06-17 09:48:55,111 - ERROR - Error processing flight 3472CCIBE31HG: TRES results not found for flight 3472CCIBE31HG_1682439626
2025-06-17 09:48:55,112 - WARNING - Flight 3472CCIBE31HG failed: TRES results not found for flight 3472CCIBE31HG_1682439626
2025-06-17 09:48:55,112 - INFO - Iteration 32 completed:
2025-06-17 09:48:55,112 - INFO -   - Successful flights: 0/5
2025-06-17 09:48:55,112 - INFO -   - Average log likelihood: nan
2025-06-17 09:48:55,112 - INFO -   - Gradient norm: 0.000000
2025-06-17 09:48:55,112 - INFO -   - Processing time: 0.01s
2025-06-17 09:48:55,113 - INFO - 
--- Iteration 33/100 ---
2025-06-17 09:48:55,114 - INFO - Processing flight 40097CBAW465M
2025-06-17 09:48:55,114 - ERROR - Error processing flight 40097CBAW465M: TRES results not found for flight 40097CBAW465M_1682451116
2025-06-17 09:48:55,116 - WARNING - Flight 40097CBAW465M failed: TRES results not found for flight 40097CBAW465M_1682451116
2025-06-17 09:48:55,116 - INFO - Processing flight 347287IBE3180
2025-06-17 09:48:55,116 - ERROR - Error processing flight 347287IBE3180: TRES results not found for flight 347287IBE3180_1680707026
2025-06-17 09:48:55,117 - WARNING - Flight 347287IBE3180 failed: TRES results not found for flight 347287IBE3180_1680707026
2025-06-17 09:48:55,117 - INFO - Processing flight 3472CCIBE31SE
2025-06-17 09:48:55,117 - ERROR - Error processing flight 3472CCIBE31SE: TRES results not found for flight 3472CCIBE31SE_1682256178
2025-06-17 09:48:55,117 - WARNING - Flight 3472CCIBE31SE failed: TRES results not found for flight 3472CCIBE31SE_1682256178
2025-06-17 09:48:55,118 - INFO - Processing flight 345692IBE31SE
2025-06-17 09:48:55,118 - ERROR - Error processing flight 345692IBE31SE: TRES results not found for flight 345692IBE31SE_1681651306
2025-06-17 09:48:55,118 - WARNING - Flight 345692IBE31SE failed: TRES results not found for flight 345692IBE31SE_1681651306
2025-06-17 09:48:55,118 - INFO - Processing flight 346499IBE3170
2025-06-17 09:48:55,119 - ERROR - Error processing flight 346499IBE3170: TRES results not found for flight 346499IBE3170_1681190257
2025-06-17 09:48:55,119 - WARNING - Flight 346499IBE3170 failed: TRES results not found for flight 346499IBE3170_1681190257
2025-06-17 09:48:55,119 - INFO - Iteration 33 completed:
2025-06-17 09:48:55,119 - INFO -   - Successful flights: 0/5
2025-06-17 09:48:55,119 - INFO -   - Average log likelihood: nan
2025-06-17 09:48:55,119 - INFO -   - Gradient norm: 0.000000
2025-06-17 09:48:55,119 - INFO -   - Processing time: 0.01s
2025-06-17 09:48:55,119 - INFO - 
--- Iteration 34/100 ---
2025-06-17 09:48:55,120 - INFO - Processing flight 461F69BAW465M
2025-06-17 09:48:55,121 - ERROR - Error processing flight 461F69BAW465M: TRES results not found for flight 461F69BAW465M_1681758740
2025-06-17 09:48:55,121 - WARNING - Flight 461F69BAW465M failed: TRES results not found for flight 461F69BAW465M_1681758740
2025-06-17 09:48:55,121 - INFO - Processing flight 345691IBE3180
2025-06-17 09:48:55,121 - ERROR - Error processing flight 345691IBE3180: TRES results not found for flight 345691IBE3180_1681570725
2025-06-17 09:48:55,121 - WARNING - Flight 345691IBE3180 failed: TRES results not found for flight 345691IBE3180_1681570725
2025-06-17 09:48:55,122 - INFO - Processing flight 346499IBE31ZF
2025-06-17 09:48:55,122 - ERROR - Error processing flight 346499IBE31ZF: TRES results not found for flight 346499IBE31ZF_1681285107
2025-06-17 09:48:55,122 - WARNING - Flight 346499IBE31ZF failed: TRES results not found for flight 346499IBE31ZF_1681285107
2025-06-17 09:48:55,122 - INFO - Processing flight 401240BAW45EM
2025-06-17 09:48:55,122 - ERROR - Error processing flight 401240BAW45EM: TRES results not found for flight 401240BAW45EM_1680778974
2025-06-17 09:48:55,122 - WARNING - Flight 401240BAW45EM failed: TRES results not found for flight 401240BAW45EM_1680778974
2025-06-17 09:48:55,122 - INFO - Processing flight 40087ABAW457
2025-06-17 09:48:55,122 - ERROR - Error processing flight 40087ABAW457: TRES results not found for flight 40087ABAW457_1682671088
2025-06-17 09:48:55,122 - WARNING - Flight 40087ABAW457 failed: TRES results not found for flight 40087ABAW457_1682671088
2025-06-17 09:48:55,122 - INFO - Iteration 34 completed:
2025-06-17 09:48:55,122 - INFO -   - Successful flights: 0/5
2025-06-17 09:48:55,122 - INFO -   - Average log likelihood: nan
2025-06-17 09:48:55,122 - INFO -   - Gradient norm: 0.000000
2025-06-17 09:48:55,122 - INFO -   - Processing time: 0.00s
2025-06-17 09:48:55,122 - INFO - 
--- Iteration 35/100 ---
2025-06-17 09:48:55,122 - INFO - Processing flight 4008ADBAW461M
2025-06-17 09:48:55,125 - ERROR - Error processing flight 4008ADBAW461M: TRES results not found for flight 4008ADBAW461M_1681921771
2025-06-17 09:48:55,125 - WARNING - Flight 4008ADBAW461M failed: TRES results not found for flight 4008ADBAW461M_1681921771
2025-06-17 09:48:55,125 - INFO - Processing flight 346499IBE31ZF
2025-06-17 09:48:55,127 - ERROR - Error processing flight 346499IBE31ZF: TRES results not found for flight 346499IBE31ZF_1681111167
2025-06-17 09:48:55,127 - WARNING - Flight 346499IBE31ZF failed: TRES results not found for flight 346499IBE31ZF_1681111167
2025-06-17 09:48:55,127 - INFO - Processing flight 345691IBE3180
2025-06-17 09:48:55,128 - ERROR - Error processing flight 345691IBE3180: TRES results not found for flight 345691IBE3180_1681743933
2025-06-17 09:48:55,128 - WARNING - Flight 345691IBE3180 failed: TRES results not found for flight 345691IBE3180_1681743933
2025-06-17 09:48:55,128 - INFO - Processing flight 406531BAW461M
2025-06-17 09:48:55,129 - ERROR - Error processing flight 406531BAW461M: TRES results not found for flight 406531BAW461M_1681319075
2025-06-17 09:48:55,129 - WARNING - Flight 406531BAW461M failed: TRES results not found for flight 406531BAW461M_1681319075
2025-06-17 09:48:55,131 - INFO - Processing flight 4076E2BAW461M
2025-06-17 09:48:55,131 - ERROR - Error processing flight 4076E2BAW461M: TRES results not found for flight 4076E2BAW461M_1681659937
2025-06-17 09:48:55,131 - WARNING - Flight 4076E2BAW461M failed: TRES results not found for flight 4076E2BAW461M_1681659937
2025-06-17 09:48:55,131 - INFO - Iteration 35 completed:
2025-06-17 09:48:55,131 - INFO -   - Successful flights: 0/5
2025-06-17 09:48:55,131 - INFO -   - Average log likelihood: nan
2025-06-17 09:48:55,131 - INFO -   - Gradient norm: 0.000000
2025-06-17 09:48:55,131 - INFO -   - Processing time: 0.01s
2025-06-17 09:48:55,131 - INFO - 
--- Iteration 36/100 ---
2025-06-17 09:48:55,131 - INFO - Processing flight 406A02BAW461M
2025-06-17 09:48:55,131 - ERROR - Error processing flight 406A02BAW461M: TRES results not found for flight 406A02BAW461M_1682698925
2025-06-17 09:48:55,131 - WARNING - Flight 406A02BAW461M failed: TRES results not found for flight 406A02BAW461M_1682698925
2025-06-17 09:48:55,131 - INFO - Processing flight 347219IBE3170
2025-06-17 09:48:55,131 - ERROR - Error processing flight 347219IBE3170: TRES results not found for flight 347219IBE3170_1682745057
2025-06-17 09:48:55,131 - WARNING - Flight 347219IBE3170 failed: TRES results not found for flight 347219IBE3170_1682745057
2025-06-17 09:48:55,131 - INFO - Processing flight 3472CCIBE31ZF
2025-06-17 09:48:55,136 - ERROR - Error processing flight 3472CCIBE31ZF: TRES results not found for flight 3472CCIBE31ZF_1682320955
2025-06-17 09:48:55,136 - WARNING - Flight 3472CCIBE31ZF failed: TRES results not found for flight 3472CCIBE31ZF_1682320955
2025-06-17 09:48:55,136 - INFO - Processing flight 346458IBE31HG
2025-06-17 09:48:55,137 - ERROR - Error processing flight 346458IBE31HG: TRES results not found for flight 346458IBE31HG_1680366537
2025-06-17 09:48:55,137 - WARNING - Flight 346458IBE31HG failed: TRES results not found for flight 346458IBE31HG_1680366537
2025-06-17 09:48:55,137 - INFO - Processing flight 345691IBE3180
2025-06-17 09:48:55,137 - ERROR - Error processing flight 345691IBE3180: TRES results not found for flight 345691IBE3180_1681570725
2025-06-17 09:48:55,137 - WARNING - Flight 345691IBE3180 failed: TRES results not found for flight 345691IBE3180_1681570725
2025-06-17 09:48:55,138 - INFO - Iteration 36 completed:
2025-06-17 09:48:55,138 - INFO -   - Successful flights: 0/5
2025-06-17 09:48:55,138 - INFO -   - Average log likelihood: nan
2025-06-17 09:48:55,138 - INFO -   - Gradient norm: 0.000000
2025-06-17 09:48:55,138 - INFO -   - Processing time: 0.01s
2025-06-17 09:48:55,138 - INFO - 
--- Iteration 37/100 ---
2025-06-17 09:48:55,138 - INFO - Processing flight 346458IBE0042
2025-06-17 09:48:55,139 - ERROR - Error processing flight 346458IBE0042: TRES results not found for flight 346458IBE0042_1681739967
2025-06-17 09:48:55,140 - WARNING - Flight 346458IBE0042 failed: TRES results not found for flight 346458IBE0042_1681739967
2025-06-17 09:48:55,140 - INFO - Processing flight 346316IBE31HG
2025-06-17 09:48:55,140 - ERROR - Error processing flight 346316IBE31HG: TRES results not found for flight 346316IBE31HG_1681488750
2025-06-17 09:48:55,141 - WARNING - Flight 346316IBE31HG failed: TRES results not found for flight 346316IBE31HG_1681488750
2025-06-17 09:48:55,141 - INFO - Processing flight 347219IBE31HG
2025-06-17 09:48:55,141 - ERROR - Error processing flight 347219IBE31HG: TRES results not found for flight 347219IBE31HG_1682701018
2025-06-17 09:48:55,141 - WARNING - Flight 347219IBE31HG failed: TRES results not found for flight 347219IBE31HG_1682701018
2025-06-17 09:48:55,142 - INFO - Processing flight 346316IBE3170
2025-06-17 09:48:55,142 - ERROR - Error processing flight 346316IBE3170: TRES results not found for flight 346316IBE3170_1680414062
2025-06-17 09:48:55,142 - WARNING - Flight 346316IBE3170 failed: TRES results not found for flight 346316IBE3170_1680414062
2025-06-17 09:48:55,143 - INFO - Processing flight 40123FBAW465M
2025-06-17 09:48:55,143 - ERROR - Error processing flight 40123FBAW465M: TRES results not found for flight 40123FBAW465M_1680635355
2025-06-17 09:48:55,143 - WARNING - Flight 40123FBAW465M failed: TRES results not found for flight 40123FBAW465M_1680635355
2025-06-17 09:48:55,143 - INFO - Iteration 37 completed:
2025-06-17 09:48:55,143 - INFO -   - Successful flights: 0/5
2025-06-17 09:48:55,143 - INFO -   - Average log likelihood: nan
2025-06-17 09:48:55,143 - INFO -   - Gradient norm: 0.000000
2025-06-17 09:48:55,143 - INFO -   - Processing time: 0.00s
2025-06-17 09:48:55,143 - INFO - 
--- Iteration 38/100 ---
2025-06-17 09:48:55,143 - INFO - Processing flight 347219IBE31SE
2025-06-17 09:48:55,143 - ERROR - Error processing flight 347219IBE31SE: TRES results not found for flight 347219IBE31SE_1680614020
2025-06-17 09:48:55,143 - WARNING - Flight 347219IBE31SE failed: TRES results not found for flight 347219IBE31SE_1680614020
2025-06-17 09:48:55,147 - INFO - Processing flight 346458IBE31ZF
2025-06-17 09:48:55,148 - ERROR - Error processing flight 346458IBE31ZF: TRES results not found for flight 346458IBE31ZF_1680506485
2025-06-17 09:48:55,149 - WARNING - Flight 346458IBE31ZF failed: TRES results not found for flight 346458IBE31ZF_1680506485
2025-06-17 09:48:55,149 - INFO - Processing flight 347453IBE31SE
2025-06-17 09:48:55,150 - ERROR - Error processing flight 347453IBE31SE: TRES results not found for flight 347453IBE31SE_1681305920
2025-06-17 09:48:55,150 - WARNING - Flight 347453IBE31SE failed: TRES results not found for flight 347453IBE31SE_1681305920
2025-06-17 09:48:55,150 - INFO - Processing flight 400A25BAW461M
2025-06-17 09:48:55,150 - ERROR - Error processing flight 400A25BAW461M: TRES results not found for flight 400A25BAW461M_1680710786
2025-06-17 09:48:55,150 - WARNING - Flight 400A25BAW461M failed: TRES results not found for flight 400A25BAW461M_1680710786
2025-06-17 09:48:55,151 - INFO - Processing flight 406531BAW465M
2025-06-17 09:48:55,152 - ERROR - Error processing flight 406531BAW465M: TRES results not found for flight 406531BAW465M_1680461396
2025-06-17 09:48:55,152 - WARNING - Flight 406531BAW465M failed: TRES results not found for flight 406531BAW465M_1680461396
2025-06-17 09:48:55,152 - INFO - Iteration 38 completed:
2025-06-17 09:48:55,152 - INFO -   - Successful flights: 0/5
2025-06-17 09:48:55,152 - INFO -   - Average log likelihood: nan
2025-06-17 09:48:55,152 - INFO -   - Gradient norm: 0.000000
2025-06-17 09:48:55,152 - INFO -   - Processing time: 0.01s
2025-06-17 09:48:55,153 - INFO - 
--- Iteration 39/100 ---
2025-06-17 09:48:55,153 - INFO - Processing flight 344502IBE31HW
2025-06-17 09:48:55,242 - INFO - Running SVI sequentially for flight 344502IBE31HW (debug mode)
2025-06-17 09:48:55,257 - ERROR - Error processing flight 344502IBE31HW: 'numpy.ndarray' object has no attribute 'to'
2025-06-17 09:48:55,258 - WARNING - Flight 344502IBE31HW failed: 'numpy.ndarray' object has no attribute 'to'
2025-06-17 09:48:55,262 - INFO - Processing flight 345691IBE3180
2025-06-17 09:48:55,262 - ERROR - Error processing flight 345691IBE3180: TRES results not found for flight 345691IBE3180_1680448327
2025-06-17 09:48:55,266 - WARNING - Flight 345691IBE3180 failed: TRES results not found for flight 345691IBE3180_1680448327
2025-06-17 09:48:55,267 - INFO - Processing flight 407536BAW461M
2025-06-17 09:48:55,267 - ERROR - Error processing flight 407536BAW461M: TRES results not found for flight 407536BAW461M_1681402166
2025-06-17 09:48:55,268 - WARNING - Flight 407536BAW461M failed: TRES results not found for flight 407536BAW461M_1681402166
2025-06-17 09:48:55,268 - INFO - Processing flight 405A49BAW461M
2025-06-17 09:48:55,269 - ERROR - Error processing flight 405A49BAW461M: TRES results not found for flight 405A49BAW461M_1680622363
2025-06-17 09:48:55,269 - WARNING - Flight 405A49BAW461M failed: TRES results not found for flight 405A49BAW461M_1680622363
2025-06-17 09:48:55,269 - INFO - Processing flight 440BC8BCS8461
2025-06-17 09:48:55,269 - ERROR - Error processing flight 440BC8BCS8461: TRES results not found for flight 440BC8BCS8461_1682703358
2025-06-17 09:48:55,269 - WARNING - Flight 440BC8BCS8461 failed: TRES results not found for flight 440BC8BCS8461_1682703358
2025-06-17 09:48:55,270 - INFO - Iteration 39 completed:
2025-06-17 09:48:55,270 - INFO -   - Successful flights: 0/5
2025-06-17 09:48:55,270 - INFO -   - Average log likelihood: nan
2025-06-17 09:48:55,270 - INFO -   - Gradient norm: 0.000000
2025-06-17 09:48:55,270 - INFO -   - Processing time: 0.12s
2025-06-17 09:48:55,270 - INFO - 
--- Iteration 40/100 ---
2025-06-17 09:48:55,270 - INFO - Processing flight 346499IBE3180
2025-06-17 09:48:55,271 - ERROR - Error processing flight 346499IBE3180: TRES results not found for flight 346499IBE3180_1681138944
2025-06-17 09:48:55,272 - WARNING - Flight 346499IBE3180 failed: TRES results not found for flight 346499IBE3180_1681138944
2025-06-17 09:48:55,272 - INFO - Processing flight 40097FBAW457
2025-06-17 09:48:55,272 - ERROR - Error processing flight 40097FBAW457: TRES results not found for flight 40097FBAW457_1682413153
2025-06-17 09:48:55,272 - WARNING - Flight 40097FBAW457 failed: TRES results not found for flight 40097FBAW457_1682413153
2025-06-17 09:48:55,273 - INFO - Processing flight 4075FFBAW465M
2025-06-17 09:48:55,273 - ERROR - Error processing flight 4075FFBAW465M: TRES results not found for flight 4075FFBAW465M_1682709068
2025-06-17 09:48:55,273 - WARNING - Flight 4075FFBAW465M failed: TRES results not found for flight 4075FFBAW465M_1682709068
2025-06-17 09:48:55,273 - INFO - Processing flight 346499IBE31ZF
2025-06-17 09:48:55,274 - ERROR - Error processing flight 346499IBE31ZF: TRES results not found for flight 346499IBE31ZF_1681802373
2025-06-17 09:48:55,274 - WARNING - Flight 346499IBE31ZF failed: TRES results not found for flight 346499IBE31ZF_1681802373
2025-06-17 09:48:55,274 - INFO - Processing flight 40097DBAW457
2025-06-17 09:48:55,274 - ERROR - Error processing flight 40097DBAW457: TRES results not found for flight 40097DBAW457_1682759776
2025-06-17 09:48:55,274 - WARNING - Flight 40097DBAW457 failed: TRES results not found for flight 40097DBAW457_1682759776
2025-06-17 09:48:55,275 - INFO - Iteration 40 completed:
2025-06-17 09:48:55,275 - INFO -   - Successful flights: 0/5
2025-06-17 09:48:55,275 - INFO -   - Average log likelihood: nan
2025-06-17 09:48:55,275 - INFO -   - Gradient norm: 0.000000
2025-06-17 09:48:55,275 - INFO -   - Processing time: 0.01s
2025-06-17 09:48:55,316 - INFO - Checkpoint saved to data/cases/LEMD_EGLL\batch_sgd_results\checkpoint_iter_40.pt
2025-06-17 09:48:55,316 - INFO - 
--- Iteration 41/100 ---
2025-06-17 09:48:55,316 - INFO - Processing flight 34660BIBE31SE
2025-06-17 09:48:55,316 - ERROR - Error processing flight 34660BIBE31SE: TRES results not found for flight 34660BIBE31SE_1681823951
2025-06-17 09:48:55,316 - WARNING - Flight 34660BIBE31SE failed: TRES results not found for flight 34660BIBE31SE_1681823951
2025-06-17 09:48:55,316 - INFO - Processing flight 347387IBE31VM
2025-06-17 09:48:55,316 - ERROR - Error processing flight 347387IBE31VM: TRES results not found for flight 347387IBE31VM_1681223398
2025-06-17 09:48:55,316 - WARNING - Flight 347387IBE31VM failed: TRES results not found for flight 347387IBE31VM_1681223398
2025-06-17 09:48:55,323 - INFO - Processing flight 346499IBE31FY
2025-06-17 09:48:55,323 - ERROR - Error processing flight 346499IBE31FY: TRES results not found for flight 346499IBE31FY_1682683018
2025-06-17 09:48:55,324 - WARNING - Flight 346499IBE31FY failed: TRES results not found for flight 346499IBE31FY_1682683018
2025-06-17 09:48:55,324 - INFO - Processing flight 34640EIBE31VM
2025-06-17 09:48:55,325 - ERROR - Error processing flight 34640EIBE31VM: TRES results not found for flight 34640EIBE31VM_1681568321
2025-06-17 09:48:55,325 - WARNING - Flight 34640EIBE31VM failed: TRES results not found for flight 34640EIBE31VM_1681568321
2025-06-17 09:48:55,326 - INFO - Processing flight 345691IBE31SE
2025-06-17 09:48:55,326 - ERROR - Error processing flight 345691IBE31SE: TRES results not found for flight 345691IBE31SE_1680700624
2025-06-17 09:48:55,327 - WARNING - Flight 345691IBE31SE failed: TRES results not found for flight 345691IBE31SE_1680700624
2025-06-17 09:48:55,327 - INFO - Iteration 41 completed:
2025-06-17 09:48:55,327 - INFO -   - Successful flights: 0/5
2025-06-17 09:48:55,327 - INFO -   - Average log likelihood: nan
2025-06-17 09:48:55,328 - INFO -   - Gradient norm: 0.000000
2025-06-17 09:48:55,328 - INFO -   - Processing time: 0.01s
2025-06-17 09:48:55,328 - INFO - 
--- Iteration 42/100 ---
2025-06-17 09:48:55,328 - INFO - Processing flight 345691IBE3180
2025-06-17 09:48:55,329 - ERROR - Error processing flight 345691IBE3180: TRES results not found for flight 345691IBE3180_1681743933
2025-06-17 09:48:55,330 - WARNING - Flight 345691IBE3180 failed: TRES results not found for flight 345691IBE3180_1681743933
2025-06-17 09:48:55,330 - INFO - Processing flight 346204IBE31SE
2025-06-17 09:48:55,331 - ERROR - Error processing flight 346204IBE31SE: TRES results not found for flight 346204IBE31SE_1682774856
2025-06-17 09:48:55,331 - WARNING - Flight 346204IBE31SE failed: TRES results not found for flight 346204IBE31SE_1682774856
2025-06-17 09:48:55,332 - INFO - Processing flight 345691IBE3170
2025-06-17 09:48:55,333 - ERROR - Error processing flight 345691IBE3170: TRES results not found for flight 345691IBE3170_1680330658
2025-06-17 09:48:55,333 - WARNING - Flight 345691IBE3170 failed: TRES results not found for flight 345691IBE3170_1680330658
2025-06-17 09:48:55,333 - INFO - Processing flight 345691IBE31ZF
2025-06-17 09:48:55,334 - ERROR - Error processing flight 345691IBE31ZF: TRES results not found for flight 345691IBE31ZF_1681197694
2025-06-17 09:48:55,334 - WARNING - Flight 345691IBE31ZF failed: TRES results not found for flight 345691IBE31ZF_1681197694
2025-06-17 09:48:55,334 - INFO - Processing flight 347219IBE31HG
2025-06-17 09:48:55,334 - ERROR - Error processing flight 347219IBE31HG: TRES results not found for flight 347219IBE31HG_1682701018
2025-06-17 09:48:55,334 - WARNING - Flight 347219IBE31HG failed: TRES results not found for flight 347219IBE31HG_1682701018
2025-06-17 09:48:55,334 - INFO - Iteration 42 completed:
2025-06-17 09:48:55,334 - INFO -   - Successful flights: 0/5
2025-06-17 09:48:55,334 - INFO -   - Average log likelihood: nan
2025-06-17 09:48:55,334 - INFO -   - Gradient norm: 0.000000
2025-06-17 09:48:55,334 - INFO -   - Processing time: 0.01s
2025-06-17 09:48:55,334 - INFO - 
--- Iteration 43/100 ---
2025-06-17 09:48:55,334 - INFO - Processing flight 346316IBE3170
2025-06-17 09:48:55,334 - ERROR - Error processing flight 346316IBE3170: TRES results not found for flight 346316IBE3170_1681364240
2025-06-17 09:48:55,334 - WARNING - Flight 346316IBE3170 failed: TRES results not found for flight 346316IBE3170_1681364240
2025-06-17 09:48:55,334 - INFO - Processing flight 3472CCIBE31HG
2025-06-17 09:48:55,334 - ERROR - Error processing flight 3472CCIBE31HG: TRES results not found for flight 3472CCIBE31HG_1682439626
2025-06-17 09:48:55,334 - WARNING - Flight 3472CCIBE31HG failed: TRES results not found for flight 3472CCIBE31HG_1682439626
2025-06-17 09:48:55,334 - INFO - Processing flight 346303IBE31ZF
2025-06-17 09:48:55,338 - ERROR - Error processing flight 346303IBE31ZF: TRES results not found for flight 346303IBE31ZF_1681458177
2025-06-17 09:48:55,338 - WARNING - Flight 346303IBE31ZF failed: TRES results not found for flight 346303IBE31ZF_1681458177
2025-06-17 09:48:55,338 - INFO - Processing flight 347219IBE3170
2025-06-17 09:48:55,339 - ERROR - Error processing flight 347219IBE3170: TRES results not found for flight 347219IBE3170_1680585209
2025-06-17 09:48:55,339 - WARNING - Flight 347219IBE3170 failed: TRES results not found for flight 347219IBE3170_1680585209
2025-06-17 09:48:55,339 - INFO - Processing flight 40087ABAW457
2025-06-17 09:48:55,339 - ERROR - Error processing flight 40087ABAW457: TRES results not found for flight 40087ABAW457_1681293798
2025-06-17 09:48:55,340 - WARNING - Flight 40087ABAW457 failed: TRES results not found for flight 40087ABAW457_1681293798
2025-06-17 09:48:55,340 - INFO - Iteration 43 completed:
2025-06-17 09:48:55,340 - INFO -   - Successful flights: 0/5
2025-06-17 09:48:55,340 - INFO -   - Average log likelihood: nan
2025-06-17 09:48:55,340 - INFO -   - Gradient norm: 0.000000
2025-06-17 09:48:55,340 - INFO -   - Processing time: 0.01s
2025-06-17 09:48:55,340 - INFO - 
--- Iteration 44/100 ---
2025-06-17 09:48:55,344 - INFO - Processing flight 405A49BAW461M
2025-06-17 09:48:55,345 - ERROR - Error processing flight 405A49BAW461M: TRES results not found for flight 405A49BAW461M_1680622363
2025-06-17 09:48:55,345 - WARNING - Flight 405A49BAW461M failed: TRES results not found for flight 405A49BAW461M_1680622363
2025-06-17 09:48:55,346 - INFO - Processing flight 346499IBE3180
2025-06-17 09:48:55,347 - ERROR - Error processing flight 346499IBE3180: TRES results not found for flight 346499IBE3180_1682003546
2025-06-17 09:48:55,347 - WARNING - Flight 346499IBE3180 failed: TRES results not found for flight 346499IBE3180_1682003546
2025-06-17 09:48:55,348 - INFO - Processing flight 346386IBE31VM
2025-06-17 09:48:55,348 - ERROR - Error processing flight 346386IBE31VM: TRES results not found for flight 346386IBE31VM_1680361160
2025-06-17 09:48:55,349 - WARNING - Flight 346386IBE31VM failed: TRES results not found for flight 346386IBE31VM_1680361160
2025-06-17 09:48:55,350 - INFO - Processing flight 346303IBE31ZF
2025-06-17 09:48:55,350 - ERROR - Error processing flight 346303IBE31ZF: TRES results not found for flight 346303IBE31ZF_1681544435
2025-06-17 09:48:55,350 - WARNING - Flight 346303IBE31ZF failed: TRES results not found for flight 346303IBE31ZF_1681544435
2025-06-17 09:48:55,350 - INFO - Processing flight 40093FBAW43M
2025-06-17 09:48:55,350 - ERROR - Error processing flight 40093FBAW43M: TRES results not found for flight 40093FBAW43M_1682270818
2025-06-17 09:48:55,350 - WARNING - Flight 40093FBAW43M failed: TRES results not found for flight 40093FBAW43M_1682270818
2025-06-17 09:48:55,350 - INFO - Iteration 44 completed:
2025-06-17 09:48:55,350 - INFO -   - Successful flights: 0/5
2025-06-17 09:48:55,350 - INFO -   - Average log likelihood: nan
2025-06-17 09:48:55,350 - INFO -   - Gradient norm: 0.000000
2025-06-17 09:48:55,350 - INFO -   - Processing time: 0.01s
2025-06-17 09:48:55,350 - INFO - 
--- Iteration 45/100 ---
2025-06-17 09:48:55,350 - INFO - Processing flight 407D75BAW465M
2025-06-17 09:48:55,350 - ERROR - Error processing flight 407D75BAW465M: TRES results not found for flight 407D75BAW465M_1682882435
2025-06-17 09:48:55,350 - WARNING - Flight 407D75BAW465M failed: TRES results not found for flight 407D75BAW465M_1682882435
2025-06-17 09:48:55,350 - INFO - Processing flight 405A4ABAW43M
2025-06-17 09:48:55,355 - ERROR - Error processing flight 405A4ABAW43M: TRES results not found for flight 405A4ABAW43M_1681149444
2025-06-17 09:48:55,355 - WARNING - Flight 405A4ABAW43M failed: TRES results not found for flight 405A4ABAW43M_1681149444
2025-06-17 09:48:55,355 - INFO - Processing flight 405EE1BAW43M
2025-06-17 09:48:55,355 - ERROR - Error processing flight 405EE1BAW43M: TRES results not found for flight 405EE1BAW43M_1681578604
2025-06-17 09:48:55,356 - WARNING - Flight 405EE1BAW43M failed: TRES results not found for flight 405EE1BAW43M_1681578604
2025-06-17 09:48:55,356 - INFO - Processing flight 405EE1BAW461M
2025-06-17 09:48:55,356 - ERROR - Error processing flight 405EE1BAW461M: TRES results not found for flight 405EE1BAW461M_1681488275
2025-06-17 09:48:55,357 - WARNING - Flight 405EE1BAW461M failed: TRES results not found for flight 405EE1BAW461M_1681488275
2025-06-17 09:48:55,357 - INFO - Processing flight 400A25BAW461M
2025-06-17 09:48:55,357 - ERROR - Error processing flight 400A25BAW461M: TRES results not found for flight 400A25BAW461M_1680710786
2025-06-17 09:48:55,358 - WARNING - Flight 400A25BAW461M failed: TRES results not found for flight 400A25BAW461M_1680710786
2025-06-17 09:48:55,358 - INFO - Iteration 45 completed:
2025-06-17 09:48:55,358 - INFO -   - Successful flights: 0/5
2025-06-17 09:48:55,358 - INFO -   - Average log likelihood: nan
2025-06-17 09:48:55,358 - INFO -   - Gradient norm: 0.000000
2025-06-17 09:48:55,358 - INFO -   - Processing time: 0.01s
2025-06-17 09:48:55,358 - INFO - 
--- Iteration 46/100 ---
2025-06-17 09:48:55,358 - INFO - Processing flight 407B8EBAW45EM
2025-06-17 09:48:55,359 - ERROR - Error processing flight 407B8EBAW45EM: TRES results not found for flight 407B8EBAW45EM_1680604058
2025-06-17 09:48:55,359 - WARNING - Flight 407B8EBAW45EM failed: TRES results not found for flight 407B8EBAW45EM_1680604058
2025-06-17 09:48:55,360 - INFO - Processing flight 346316IBE31FY
2025-06-17 09:48:55,360 - ERROR - Error processing flight 346316IBE31FY: TRES results not found for flight 346316IBE31FY_1680694626
2025-06-17 09:48:55,360 - WARNING - Flight 346316IBE31FY failed: TRES results not found for flight 346316IBE31FY_1680694626
2025-06-17 09:48:55,360 - INFO - Processing flight 346499IBE31HG
2025-06-17 09:48:55,360 - ERROR - Error processing flight 346499IBE31HG: TRES results not found for flight 346499IBE31HG_1681574878
2025-06-17 09:48:55,360 - WARNING - Flight 346499IBE31HG failed: TRES results not found for flight 346499IBE31HG_1681574878
2025-06-17 09:48:55,360 - INFO - Processing flight 346386IBE31VM
2025-06-17 09:48:55,360 - ERROR - Error processing flight 346386IBE31VM: TRES results not found for flight 346386IBE31VM_1681913578
2025-06-17 09:48:55,360 - WARNING - Flight 346386IBE31VM failed: TRES results not found for flight 346386IBE31VM_1681913578
2025-06-17 09:48:55,360 - INFO - Processing flight 346499IBE3180
2025-06-17 09:48:55,360 - ERROR - Error processing flight 346499IBE3180: TRES results not found for flight 346499IBE3180_1682003546
2025-06-17 09:48:55,360 - WARNING - Flight 346499IBE3180 failed: TRES results not found for flight 346499IBE3180_1682003546
2025-06-17 09:48:55,366 - INFO - Iteration 46 completed:
2025-06-17 09:48:55,366 - INFO -   - Successful flights: 0/5
2025-06-17 09:48:55,366 - INFO -   - Average log likelihood: nan
2025-06-17 09:48:55,366 - INFO -   - Gradient norm: 0.000000
2025-06-17 09:48:55,366 - INFO -   - Processing time: 0.01s
2025-06-17 09:48:55,367 - INFO - 
--- Iteration 47/100 ---
2025-06-17 09:48:55,367 - INFO - Processing flight 344344IBE31HW
2025-06-17 09:48:55,386 - INFO - Running SVI sequentially for flight 344344IBE31HW (debug mode)
2025-06-17 09:48:55,400 - ERROR - Error processing flight 344344IBE31HW: 'numpy.ndarray' object has no attribute 'to'
2025-06-17 09:48:55,400 - WARNING - Flight 344344IBE31HW failed: 'numpy.ndarray' object has no attribute 'to'
2025-06-17 09:48:55,411 - INFO - Processing flight 4008F2BAW465M
2025-06-17 09:48:55,411 - ERROR - Error processing flight 4008F2BAW465M: TRES results not found for flight 4008F2BAW465M_1680720683
2025-06-17 09:48:55,411 - WARNING - Flight 4008F2BAW465M failed: TRES results not found for flight 4008F2BAW465M_1680720683
2025-06-17 09:48:55,415 - INFO - Processing flight 34660BIBE31HG
2025-06-17 09:48:55,416 - ERROR - Error processing flight 34660BIBE31HG: TRES results not found for flight 34660BIBE31HG_1682870847
2025-06-17 09:48:55,417 - WARNING - Flight 34660BIBE31HG failed: TRES results not found for flight 34660BIBE31HG_1682870847
2025-06-17 09:48:55,417 - INFO - Processing flight 346316IBE3180
2025-06-17 09:48:55,417 - ERROR - Error processing flight 346316IBE3180: TRES results not found for flight 346316IBE3180_1682435864
2025-06-17 09:48:55,418 - WARNING - Flight 346316IBE3180 failed: TRES results not found for flight 346316IBE3180_1682435864
2025-06-17 09:48:55,418 - INFO - Processing flight 405A49BAW461M
2025-06-17 09:48:55,419 - ERROR - Error processing flight 405A49BAW461M: TRES results not found for flight 405A49BAW461M_1680622363
2025-06-17 09:48:55,419 - WARNING - Flight 405A49BAW461M failed: TRES results not found for flight 405A49BAW461M_1680622363
2025-06-17 09:48:55,419 - INFO - Iteration 47 completed:
2025-06-17 09:48:55,420 - INFO -   - Successful flights: 0/5
2025-06-17 09:48:55,420 - INFO -   - Average log likelihood: nan
2025-06-17 09:48:55,420 - INFO -   - Gradient norm: 0.000000
2025-06-17 09:48:55,420 - INFO -   - Processing time: 0.05s
2025-06-17 09:48:55,420 - INFO - 
--- Iteration 48/100 ---
2025-06-17 09:48:55,420 - INFO - Processing flight 401240BAW457
2025-06-17 09:48:55,421 - ERROR - Error processing flight 401240BAW457: TRES results not found for flight 401240BAW457_1680600920
2025-06-17 09:48:55,421 - WARNING - Flight 401240BAW457 failed: TRES results not found for flight 401240BAW457_1680600920
2025-06-17 09:48:55,421 - INFO - Processing flight 347453IBE3180
2025-06-17 09:48:55,422 - ERROR - Error processing flight 347453IBE3180: TRES results not found for flight 347453IBE3180_1681916878
2025-06-17 09:48:55,422 - WARNING - Flight 347453IBE3180 failed: TRES results not found for flight 347453IBE3180_1681916878
2025-06-17 09:48:55,422 - INFO - Processing flight 346316IBE31FY
2025-06-17 09:48:55,422 - ERROR - Error processing flight 346316IBE31FY: TRES results not found for flight 346316IBE31FY_1680694626
2025-06-17 09:48:55,422 - WARNING - Flight 346316IBE31FY failed: TRES results not found for flight 346316IBE31FY_1680694626
2025-06-17 09:48:55,423 - INFO - Processing flight 440BCCBCS8461
2025-06-17 09:48:55,423 - ERROR - Error processing flight 440BCCBCS8461: TRES results not found for flight 440BCCBCS8461_1681494282
2025-06-17 09:48:55,423 - WARNING - Flight 440BCCBCS8461 failed: TRES results not found for flight 440BCCBCS8461_1681494282
2025-06-17 09:48:55,423 - INFO - Processing flight 344304IBE31VM
2025-06-17 09:48:55,424 - ERROR - Error processing flight 344304IBE31VM: TRES results not found for flight 344304IBE31VM_1680875819
2025-06-17 09:48:55,424 - WARNING - Flight 344304IBE31VM failed: TRES results not found for flight 344304IBE31VM_1680875819
2025-06-17 09:48:55,424 - INFO - Iteration 48 completed:
2025-06-17 09:48:55,424 - INFO -   - Successful flights: 0/5
2025-06-17 09:48:55,424 - INFO -   - Average log likelihood: nan
2025-06-17 09:48:55,424 - INFO -   - Gradient norm: 0.000000
2025-06-17 09:48:55,424 - INFO -   - Processing time: 0.00s
2025-06-17 09:48:55,424 - INFO - 
--- Iteration 49/100 ---
2025-06-17 09:48:55,425 - INFO - Processing flight 346419IBE31VM
2025-06-17 09:48:55,426 - ERROR - Error processing flight 346419IBE31VM: TRES results not found for flight 346419IBE31VM_1682606358
2025-06-17 09:48:55,426 - WARNING - Flight 346419IBE31VM failed: TRES results not found for flight 346419IBE31VM_1682606358
2025-06-17 09:48:55,426 - INFO - Processing flight 400CEBBAW43M
2025-06-17 09:48:55,426 - ERROR - Error processing flight 400CEBBAW43M: TRES results not found for flight 400CEBBAW43M_1681754734
2025-06-17 09:48:55,426 - WARNING - Flight 400CEBBAW43M failed: TRES results not found for flight 400CEBBAW43M_1681754734
2025-06-17 09:48:55,426 - INFO - Processing flight 406531BAW465M
2025-06-17 09:48:55,426 - ERROR - Error processing flight 406531BAW465M: TRES results not found for flight 406531BAW465M_1680461396
2025-06-17 09:48:55,426 - WARNING - Flight 406531BAW465M failed: TRES results not found for flight 406531BAW465M_1680461396
2025-06-17 09:48:55,426 - INFO - Processing flight 461F6EBAW465M
2025-06-17 09:48:55,430 - ERROR - Error processing flight 461F6EBAW465M: TRES results not found for flight 461F6EBAW465M_1681154076
2025-06-17 09:48:55,430 - WARNING - Flight 461F6EBAW465M failed: TRES results not found for flight 461F6EBAW465M_1681154076
2025-06-17 09:48:55,431 - INFO - Processing flight 345692IBE3180
2025-06-17 09:48:55,432 - ERROR - Error processing flight 345692IBE3180: TRES results not found for flight 345692IBE3180_1680793793
2025-06-17 09:48:55,432 - WARNING - Flight 345692IBE3180 failed: TRES results not found for flight 345692IBE3180_1680793793
2025-06-17 09:48:55,432 - INFO - Iteration 49 completed:
2025-06-17 09:48:55,432 - INFO -   - Successful flights: 0/5
2025-06-17 09:48:55,432 - INFO -   - Average log likelihood: nan
2025-06-17 09:48:55,432 - INFO -   - Gradient norm: 0.000000
2025-06-17 09:48:55,432 - INFO -   - Processing time: 0.01s
2025-06-17 09:48:55,432 - INFO - 
--- Iteration 50/100 ---
2025-06-17 09:48:55,433 - INFO - Processing flight 347386IBE31VM
2025-06-17 09:48:55,433 - ERROR - Error processing flight 347386IBE31VM: TRES results not found for flight 347386IBE31VM_1681396176
2025-06-17 09:48:55,433 - WARNING - Flight 347386IBE31VM failed: TRES results not found for flight 347386IBE31VM_1681396176
2025-06-17 09:48:55,434 - INFO - Processing flight 400AFFBAW465M
2025-06-17 09:48:55,435 - ERROR - Error processing flight 400AFFBAW465M: TRES results not found for flight 400AFFBAW465M_1682798361
2025-06-17 09:48:55,435 - WARNING - Flight 400AFFBAW465M failed: TRES results not found for flight 400AFFBAW465M_1682798361
2025-06-17 09:48:55,435 - INFO - Processing flight 347453IBE31HG
2025-06-17 09:48:55,435 - ERROR - Error processing flight 347453IBE31HG: TRES results not found for flight 347453IBE31HG_1682353107
2025-06-17 09:48:55,435 - WARNING - Flight 347453IBE31HG failed: TRES results not found for flight 347453IBE31HG_1682353107
2025-06-17 09:48:55,436 - INFO - Processing flight 347387IBE31VM
2025-06-17 09:48:55,436 - ERROR - Error processing flight 347387IBE31VM: TRES results not found for flight 347387IBE31VM_1681223398
2025-06-17 09:48:55,436 - WARNING - Flight 347387IBE31VM failed: TRES results not found for flight 347387IBE31VM_1681223398
2025-06-17 09:48:55,436 - INFO - Processing flight 4076CDBAW43M
2025-06-17 09:48:55,436 - ERROR - Error processing flight 4076CDBAW43M: TRES results not found for flight 4076CDBAW43M_1680631062
2025-06-17 09:48:55,436 - WARNING - Flight 4076CDBAW43M failed: TRES results not found for flight 4076CDBAW43M_1680631062
2025-06-17 09:48:55,436 - INFO - Iteration 50 completed:
2025-06-17 09:48:55,436 - INFO -   - Successful flights: 0/5
2025-06-17 09:48:55,436 - INFO -   - Average log likelihood: nan
2025-06-17 09:48:55,436 - INFO -   - Gradient norm: 0.000000
2025-06-17 09:48:55,436 - INFO -   - Processing time: 0.00s
2025-06-17 09:48:55,480 - INFO - Checkpoint saved to data/cases/LEMD_EGLL\batch_sgd_results\checkpoint_iter_50.pt
2025-06-17 09:48:55,481 - INFO - 
--- Iteration 51/100 ---
2025-06-17 09:48:55,482 - INFO - Processing flight 346316IBE31SE
2025-06-17 09:48:55,484 - ERROR - Error processing flight 346316IBE31SE: TRES results not found for flight 346316IBE31SE_1681910698
2025-06-17 09:48:55,484 - WARNING - Flight 346316IBE31SE failed: TRES results not found for flight 346316IBE31SE_1681910698
2025-06-17 09:48:55,484 - INFO - Processing flight 347219IBE31HG
2025-06-17 09:48:55,484 - ERROR - Error processing flight 347219IBE31HG: TRES results not found for flight 347219IBE31HG_1682701018
2025-06-17 09:48:55,484 - WARNING - Flight 347219IBE31HG failed: TRES results not found for flight 347219IBE31HG_1682701018
2025-06-17 09:48:55,487 - INFO - Processing flight 346316IBE3170
2025-06-17 09:48:55,488 - ERROR - Error processing flight 346316IBE3170: TRES results not found for flight 346316IBE3170_1681364240
2025-06-17 09:48:55,488 - WARNING - Flight 346316IBE3170 failed: TRES results not found for flight 346316IBE3170_1681364240
2025-06-17 09:48:55,488 - INFO - Processing flight 347387IBE31VM
2025-06-17 09:48:55,489 - ERROR - Error processing flight 347387IBE31VM: TRES results not found for flight 347387IBE31VM_1681223398
2025-06-17 09:48:55,490 - WARNING - Flight 347387IBE31VM failed: TRES results not found for flight 347387IBE31VM_1681223398
2025-06-17 09:48:55,490 - INFO - Processing flight 347287IBE3170
2025-06-17 09:48:55,492 - ERROR - Error processing flight 347287IBE3170: TRES results not found for flight 347287IBE3170_1682227889
2025-06-17 09:48:55,492 - WARNING - Flight 347287IBE3170 failed: TRES results not found for flight 347287IBE3170_1682227889
2025-06-17 09:48:55,492 - INFO - Iteration 51 completed:
2025-06-17 09:48:55,492 - INFO -   - Successful flights: 0/5
2025-06-17 09:48:55,493 - INFO -   - Average log likelihood: nan
2025-06-17 09:48:55,493 - INFO -   - Gradient norm: 0.000000
2025-06-17 09:48:55,494 - INFO -   - Processing time: 0.01s
2025-06-17 09:48:55,494 - INFO - 
--- Iteration 52/100 ---
2025-06-17 09:48:55,494 - INFO - Processing flight 346316IBE31SE
2025-06-17 09:48:55,495 - ERROR - Error processing flight 346316IBE31SE: TRES results not found for flight 346316IBE31SE_1682343058
2025-06-17 09:48:55,495 - WARNING - Flight 346316IBE31SE failed: TRES results not found for flight 346316IBE31SE_1682343058
2025-06-17 09:48:55,496 - INFO - Processing flight 347287IBE3170
2025-06-17 09:48:55,496 - ERROR - Error processing flight 347287IBE3170: TRES results not found for flight 347287IBE3170_1681622067
2025-06-17 09:48:55,497 - WARNING - Flight 347287IBE3170 failed: TRES results not found for flight 347287IBE3170_1681622067
2025-06-17 09:48:55,498 - INFO - Processing flight 347453IBE3180
2025-06-17 09:48:55,499 - ERROR - Error processing flight 347453IBE3180: TRES results not found for flight 347453IBE3180_1680966058
2025-06-17 09:48:55,499 - WARNING - Flight 347453IBE3180 failed: TRES results not found for flight 347453IBE3180_1680966058
2025-06-17 09:48:55,499 - INFO - Processing flight 400CEBBAW457
2025-06-17 09:48:55,499 - ERROR - Error processing flight 400CEBBAW457: TRES results not found for flight 400CEBBAW457_1681378410
2025-06-17 09:48:55,499 - WARNING - Flight 400CEBBAW457 failed: TRES results not found for flight 400CEBBAW457_1681378410
2025-06-17 09:48:55,499 - INFO - Processing flight 346386IBE31VM
2025-06-17 09:48:55,499 - ERROR - Error processing flight 346386IBE31VM: TRES results not found for flight 346386IBE31VM_1680361160
2025-06-17 09:48:55,499 - WARNING - Flight 346386IBE31VM failed: TRES results not found for flight 346386IBE31VM_1680361160
2025-06-17 09:48:55,499 - INFO - Iteration 52 completed:
2025-06-17 09:48:55,499 - INFO -   - Successful flights: 0/5
2025-06-17 09:48:55,499 - INFO -   - Average log likelihood: nan
2025-06-17 09:48:55,499 - INFO -   - Gradient norm: 0.000000
2025-06-17 09:48:55,499 - INFO -   - Processing time: 0.00s
2025-06-17 09:48:55,499 - INFO - 
--- Iteration 53/100 ---
2025-06-17 09:48:55,499 - INFO - Processing flight 346316IBE3170
2025-06-17 09:48:55,499 - ERROR - Error processing flight 346316IBE3170: TRES results not found for flight 346316IBE3170_1680414062
2025-06-17 09:48:55,503 - WARNING - Flight 346316IBE3170 failed: TRES results not found for flight 346316IBE3170_1680414062
2025-06-17 09:48:55,503 - INFO - Processing flight 346316IBE31FY
2025-06-17 09:48:55,503 - ERROR - Error processing flight 346316IBE31FY: TRES results not found for flight 346316IBE31FY_1681559848
2025-06-17 09:48:55,503 - WARNING - Flight 346316IBE31FY failed: TRES results not found for flight 346316IBE31FY_1681559848
2025-06-17 09:48:55,504 - INFO - Processing flight 346204IBE31SE
2025-06-17 09:48:55,504 - ERROR - Error processing flight 346204IBE31SE: TRES results not found for flight 346204IBE31SE_1682774856
2025-06-17 09:48:55,504 - WARNING - Flight 346204IBE31SE failed: TRES results not found for flight 346204IBE31SE_1682774856
2025-06-17 09:48:55,504 - INFO - Processing flight 344345IBE31HW
2025-06-17 09:48:55,511 - INFO - Running SVI sequentially for flight 344345IBE31HW (debug mode)
2025-06-17 09:48:55,546 - ERROR - Error processing flight 344345IBE31HW: 'numpy.ndarray' object has no attribute 'to'
2025-06-17 09:48:55,547 - WARNING - Flight 344345IBE31HW failed: 'numpy.ndarray' object has no attribute 'to'
2025-06-17 09:48:55,550 - INFO - Processing flight 405A4ABAW461M
2025-06-17 09:48:55,550 - ERROR - Error processing flight 405A4ABAW461M: TRES results not found for flight 405A4ABAW461M_1680535911
2025-06-17 09:48:55,555 - WARNING - Flight 405A4ABAW461M failed: TRES results not found for flight 405A4ABAW461M_1680535911
2025-06-17 09:48:55,555 - INFO - Iteration 53 completed:
2025-06-17 09:48:55,556 - INFO -   - Successful flights: 0/5
2025-06-17 09:48:55,556 - INFO -   - Average log likelihood: nan
2025-06-17 09:48:55,556 - INFO -   - Gradient norm: 0.000000
2025-06-17 09:48:55,556 - INFO -   - Processing time: 0.06s
2025-06-17 09:48:55,556 - INFO - 
--- Iteration 54/100 ---
2025-06-17 09:48:55,557 - INFO - Processing flight 347219IBE31SE
2025-06-17 09:48:55,558 - ERROR - Error processing flight 347219IBE31SE: TRES results not found for flight 347219IBE31SE_1680614020
2025-06-17 09:48:55,558 - WARNING - Flight 347219IBE31SE failed: TRES results not found for flight 347219IBE31SE_1680614020
2025-06-17 09:48:55,558 - INFO - Processing flight 344305IBE31HW
2025-06-17 09:48:55,630 - INFO - Running SVI sequentially for flight 344305IBE31HW (debug mode)
2025-06-17 09:48:55,648 - ERROR - Error processing flight 344305IBE31HW: 'numpy.ndarray' object has no attribute 'to'
2025-06-17 09:48:55,648 - WARNING - Flight 344305IBE31HW failed: 'numpy.ndarray' object has no attribute 'to'
2025-06-17 09:48:55,648 - INFO - Processing flight 346386IBE31VM
2025-06-17 09:48:55,648 - ERROR - Error processing flight 346386IBE31VM: TRES results not found for flight 346386IBE31VM_1681913578
2025-06-17 09:48:55,648 - WARNING - Flight 346386IBE31VM failed: TRES results not found for flight 346386IBE31VM_1681913578
2025-06-17 09:48:55,648 - INFO - Processing flight 4008F2BAW465M
2025-06-17 09:48:55,656 - ERROR - Error processing flight 4008F2BAW465M: TRES results not found for flight 4008F2BAW465M_1680720683
2025-06-17 09:48:55,656 - WARNING - Flight 4008F2BAW465M failed: TRES results not found for flight 4008F2BAW465M_1680720683
2025-06-17 09:48:55,656 - INFO - Processing flight 34660BIBE31HG
2025-06-17 09:48:55,656 - ERROR - Error processing flight 34660BIBE31HG: TRES results not found for flight 34660BIBE31HG_1680451924
2025-06-17 09:48:55,658 - WARNING - Flight 34660BIBE31HG failed: TRES results not found for flight 34660BIBE31HG_1680451924
2025-06-17 09:48:55,658 - INFO - Iteration 54 completed:
2025-06-17 09:48:55,658 - INFO -   - Successful flights: 0/5
2025-06-17 09:48:55,658 - INFO -   - Average log likelihood: nan
2025-06-17 09:48:55,658 - INFO -   - Gradient norm: 0.000000
2025-06-17 09:48:55,658 - INFO -   - Processing time: 0.10s
2025-06-17 09:48:55,658 - INFO - 
--- Iteration 55/100 ---
2025-06-17 09:48:55,659 - INFO - Processing flight 406674BAW457
2025-06-17 09:48:55,659 - ERROR - Error processing flight 406674BAW457: TRES results not found for flight 406674BAW457_1681462776
2025-06-17 09:48:55,659 - WARNING - Flight 406674BAW457 failed: TRES results not found for flight 406674BAW457_1681462776
2025-06-17 09:48:55,660 - INFO - Processing flight 440BC8BCS8461
2025-06-17 09:48:55,661 - ERROR - Error processing flight 440BC8BCS8461: TRES results not found for flight 440BC8BCS8461_1682703358
2025-06-17 09:48:55,661 - WARNING - Flight 440BC8BCS8461 failed: TRES results not found for flight 440BC8BCS8461_1682703358
2025-06-17 09:48:55,661 - INFO - Processing flight 407536BAW457
2025-06-17 09:48:55,662 - ERROR - Error processing flight 407536BAW457: TRES results not found for flight 407536BAW457_1681116384
2025-06-17 09:48:55,663 - WARNING - Flight 407536BAW457 failed: TRES results not found for flight 407536BAW457_1681116384
2025-06-17 09:48:55,664 - INFO - Processing flight 346303IBE31ZF
2025-06-17 09:48:55,664 - ERROR - Error processing flight 346303IBE31ZF: TRES results not found for flight 346303IBE31ZF_1682753223
2025-06-17 09:48:55,665 - WARNING - Flight 346303IBE31ZF failed: TRES results not found for flight 346303IBE31ZF_1682753223
2025-06-17 09:48:55,665 - INFO - Processing flight 407D74BAW465M
2025-06-17 09:48:55,665 - ERROR - Error processing flight 407D74BAW465M: TRES results not found for flight 407D74BAW465M_1681671312
2025-06-17 09:48:55,665 - WARNING - Flight 407D74BAW465M failed: TRES results not found for flight 407D74BAW465M_1681671312
2025-06-17 09:48:55,666 - INFO - Iteration 55 completed:
2025-06-17 09:48:55,666 - INFO -   - Successful flights: 0/5
2025-06-17 09:48:55,667 - INFO -   - Average log likelihood: nan
2025-06-17 09:48:55,667 - INFO -   - Gradient norm: 0.000000
2025-06-17 09:48:55,667 - INFO -   - Processing time: 0.01s
2025-06-17 09:48:55,667 - INFO - 
--- Iteration 56/100 ---
2025-06-17 09:48:55,667 - INFO - Processing flight 344304IBE31HW
2025-06-17 09:48:55,760 - INFO - Running SVI sequentially for flight 344304IBE31HW (debug mode)
2025-06-17 09:48:55,782 - ERROR - Error processing flight 344304IBE31HW: 'numpy.ndarray' object has no attribute 'to'
2025-06-17 09:48:55,782 - WARNING - Flight 344304IBE31HW failed: 'numpy.ndarray' object has no attribute 'to'
2025-06-17 09:48:55,782 - INFO - Processing flight 347453IBE31ZF
2025-06-17 09:48:55,782 - ERROR - Error processing flight 347453IBE31ZF: TRES results not found for flight 347453IBE31ZF_1681370746
2025-06-17 09:48:55,793 - WARNING - Flight 347453IBE31ZF failed: TRES results not found for flight 347453IBE31ZF_1681370746
2025-06-17 09:48:55,793 - INFO - Processing flight 346303IBE31HG
2025-06-17 09:48:55,794 - ERROR - Error processing flight 346303IBE31HG: TRES results not found for flight 346303IBE31HG_1682784518
2025-06-17 09:48:55,794 - WARNING - Flight 346303IBE31HG failed: TRES results not found for flight 346303IBE31HG_1682784518
2025-06-17 09:48:55,795 - INFO - Processing flight 346303IBE31ZF
2025-06-17 09:48:55,796 - ERROR - Error processing flight 346303IBE31ZF: TRES results not found for flight 346303IBE31ZF_1681716217
2025-06-17 09:48:55,797 - WARNING - Flight 346303IBE31ZF failed: TRES results not found for flight 346303IBE31ZF_1681716217
2025-06-17 09:48:55,798 - INFO - Processing flight 346499IBE31FY
2025-06-17 09:48:55,799 - ERROR - Error processing flight 346499IBE31FY: TRES results not found for flight 346499IBE31FY_1682424455
2025-06-17 09:48:55,799 - WARNING - Flight 346499IBE31FY failed: TRES results not found for flight 346499IBE31FY_1682424455
2025-06-17 09:48:55,800 - INFO - Iteration 56 completed:
2025-06-17 09:48:55,800 - INFO -   - Successful flights: 0/5
2025-06-17 09:48:55,800 - INFO -   - Average log likelihood: nan
2025-06-17 09:48:55,801 - INFO -   - Gradient norm: 0.000000
2025-06-17 09:48:55,801 - INFO -   - Processing time: 0.13s
2025-06-17 09:48:55,801 - INFO - 
--- Iteration 57/100 ---
2025-06-17 09:48:55,802 - INFO - Processing flight 347344IBE31SE
2025-06-17 09:48:55,802 - ERROR - Error processing flight 347344IBE31SE: TRES results not found for flight 347344IBE31SE_1680788247
2025-06-17 09:48:55,803 - WARNING - Flight 347344IBE31SE failed: TRES results not found for flight 347344IBE31SE_1680788247
2025-06-17 09:48:55,803 - INFO - Processing flight 344345IBE31HW
2025-06-17 09:48:55,818 - INFO - Running SVI sequentially for flight 344345IBE31HW (debug mode)
2025-06-17 09:48:55,833 - ERROR - Error processing flight 344345IBE31HW: 'numpy.ndarray' object has no attribute 'to'
2025-06-17 09:48:55,842 - WARNING - Flight 344345IBE31HW failed: 'numpy.ndarray' object has no attribute 'to'
2025-06-17 09:48:55,844 - INFO - Processing flight 346316IBE3180
2025-06-17 09:48:55,844 - ERROR - Error processing flight 346316IBE3180: TRES results not found for flight 346316IBE3180_1682435864
2025-06-17 09:48:55,844 - WARNING - Flight 346316IBE3180 failed: TRES results not found for flight 346316IBE3180_1682435864
2025-06-17 09:48:55,850 - INFO - Processing flight 4008ADBAW461M
2025-06-17 09:48:55,850 - ERROR - Error processing flight 4008ADBAW461M: TRES results not found for flight 4008ADBAW461M_1681921771
2025-06-17 09:48:55,851 - WARNING - Flight 4008ADBAW461M failed: TRES results not found for flight 4008ADBAW461M_1681921771
2025-06-17 09:48:55,851 - INFO - Processing flight 407536BAW465M
2025-06-17 09:48:55,852 - ERROR - Error processing flight 407536BAW465M: TRES results not found for flight 407536BAW465M_1682621878
2025-06-17 09:48:55,852 - WARNING - Flight 407536BAW465M failed: TRES results not found for flight 407536BAW465M_1682621878
2025-06-17 09:48:55,852 - INFO - Iteration 57 completed:
2025-06-17 09:48:55,852 - INFO -   - Successful flights: 0/5
2025-06-17 09:48:55,852 - INFO -   - Average log likelihood: nan
2025-06-17 09:48:55,853 - INFO -   - Gradient norm: 0.000000
2025-06-17 09:48:55,853 - INFO -   - Processing time: 0.05s
2025-06-17 09:48:55,853 - INFO - 
--- Iteration 58/100 ---
2025-06-17 09:48:55,853 - INFO - Processing flight 461F69BAW43M
2025-06-17 09:48:55,854 - ERROR - Error processing flight 461F69BAW43M: TRES results not found for flight 461F69BAW43M_1681409061
2025-06-17 09:48:55,854 - WARNING - Flight 461F69BAW43M failed: TRES results not found for flight 461F69BAW43M_1681409061
2025-06-17 09:48:55,854 - INFO - Processing flight 406B62BAW43M
2025-06-17 09:48:55,854 - ERROR - Error processing flight 406B62BAW43M: TRES results not found for flight 406B62BAW43M_1681665862
2025-06-17 09:48:55,854 - WARNING - Flight 406B62BAW43M failed: TRES results not found for flight 406B62BAW43M_1681665862
2025-06-17 09:48:55,854 - INFO - Processing flight 4008ADBAW43M
2025-06-17 09:48:55,854 - ERROR - Error processing flight 4008ADBAW43M: TRES results not found for flight 4008ADBAW43M_1680372862
2025-06-17 09:48:55,854 - WARNING - Flight 4008ADBAW43M failed: TRES results not found for flight 4008ADBAW43M_1680372862
2025-06-17 09:48:55,854 - INFO - Processing flight 400942BAW461M
2025-06-17 09:48:55,854 - ERROR - Error processing flight 400942BAW461M: TRES results not found for flight 400942BAW461M_1682264218
2025-06-17 09:48:55,854 - WARNING - Flight 400942BAW461M failed: TRES results not found for flight 400942BAW461M_1682264218
2025-06-17 09:48:55,854 - INFO - Processing flight 346499IBE3170
2025-06-17 09:48:55,854 - ERROR - Error processing flight 346499IBE3170: TRES results not found for flight 346499IBE3170_1682399246
2025-06-17 09:48:55,854 - WARNING - Flight 346499IBE3170 failed: TRES results not found for flight 346499IBE3170_1682399246
2025-06-17 09:48:55,854 - INFO - Iteration 58 completed:
2025-06-17 09:48:55,854 - INFO -   - Successful flights: 0/5
2025-06-17 09:48:55,854 - INFO -   - Average log likelihood: nan
2025-06-17 09:48:55,854 - INFO -   - Gradient norm: 0.000000
2025-06-17 09:48:55,854 - INFO -   - Processing time: 0.00s
2025-06-17 09:48:55,854 - INFO - 
--- Iteration 59/100 ---
2025-06-17 09:48:55,854 - INFO - Processing flight 400CEBBAW43M
2025-06-17 09:48:55,859 - ERROR - Error processing flight 400CEBBAW43M: TRES results not found for flight 400CEBBAW43M_1681754734
2025-06-17 09:48:55,859 - WARNING - Flight 400CEBBAW43M failed: TRES results not found for flight 400CEBBAW43M_1681754734
2025-06-17 09:48:55,859 - INFO - Processing flight 346303IBE31ZF
2025-06-17 09:48:55,861 - ERROR - Error processing flight 346303IBE31ZF: TRES results not found for flight 346303IBE31ZF_1681458177
2025-06-17 09:48:55,862 - WARNING - Flight 346303IBE31ZF failed: TRES results not found for flight 346303IBE31ZF_1681458177
2025-06-17 09:48:55,862 - INFO - Processing flight 346458IBE3180
2025-06-17 09:48:55,864 - ERROR - Error processing flight 346458IBE3180: TRES results not found for flight 346458IBE3180_1680534537
2025-06-17 09:48:55,864 - WARNING - Flight 346458IBE3180 failed: TRES results not found for flight 346458IBE3180_1680534537
2025-06-17 09:48:55,865 - INFO - Processing flight 346303IBE31ZF
2025-06-17 09:48:55,866 - ERROR - Error processing flight 346303IBE31ZF: TRES results not found for flight 346303IBE31ZF_1682839648
2025-06-17 09:48:55,866 - WARNING - Flight 346303IBE31ZF failed: TRES results not found for flight 346303IBE31ZF_1682839648
2025-06-17 09:48:55,866 - INFO - Processing flight 401240BAW45EM
2025-06-17 09:48:55,867 - ERROR - Error processing flight 401240BAW45EM: TRES results not found for flight 401240BAW45EM_1680778974
2025-06-17 09:48:55,867 - WARNING - Flight 401240BAW45EM failed: TRES results not found for flight 401240BAW45EM_1680778974
2025-06-17 09:48:55,867 - INFO - Iteration 59 completed:
2025-06-17 09:48:55,867 - INFO -   - Successful flights: 0/5
2025-06-17 09:48:55,867 - INFO -   - Average log likelihood: nan
2025-06-17 09:48:55,867 - INFO -   - Gradient norm: 0.000000
2025-06-17 09:48:55,867 - INFO -   - Processing time: 0.01s
2025-06-17 09:48:55,867 - INFO - 
--- Iteration 60/100 ---
2025-06-17 09:48:55,868 - INFO - Processing flight 347343IBE31VM
2025-06-17 09:48:55,868 - ERROR - Error processing flight 347343IBE31VM: TRES results not found for flight 347343IBE31VM_1681739844
2025-06-17 09:48:55,868 - WARNING - Flight 347343IBE31VM failed: TRES results not found for flight 347343IBE31VM_1681739844
2025-06-17 09:48:55,868 - INFO - Processing flight 344345IBE31HW
2025-06-17 09:48:55,974 - INFO - Running SVI sequentially for flight 344345IBE31HW (debug mode)
2025-06-17 09:48:55,989 - ERROR - Error processing flight 344345IBE31HW: 'numpy.ndarray' object has no attribute 'to'
2025-06-17 09:48:55,989 - WARNING - Flight 344345IBE31HW failed: 'numpy.ndarray' object has no attribute 'to'
2025-06-17 09:48:55,997 - INFO - Processing flight 347344IBE3170
2025-06-17 09:48:55,997 - ERROR - Error processing flight 347344IBE3170: TRES results not found for flight 347344IBE3170_1681794748
2025-06-17 09:48:56,000 - WARNING - Flight 347344IBE3170 failed: TRES results not found for flight 347344IBE3170_1681794748
2025-06-17 09:48:56,000 - INFO - Processing flight 346458IBE31ZF
2025-06-17 09:48:56,001 - ERROR - Error processing flight 346458IBE31ZF: TRES results not found for flight 346458IBE31ZF_1680593241
2025-06-17 09:48:56,001 - WARNING - Flight 346458IBE31ZF failed: TRES results not found for flight 346458IBE31ZF_1680593241
2025-06-17 09:48:56,002 - INFO - Processing flight 344503IBE31HW
2025-06-17 09:48:56,021 - INFO - Running SVI sequentially for flight 344503IBE31HW (debug mode)
2025-06-17 09:48:56,035 - ERROR - Error processing flight 344503IBE31HW: 'numpy.ndarray' object has no attribute 'to'
2025-06-17 09:48:56,035 - WARNING - Flight 344503IBE31HW failed: 'numpy.ndarray' object has no attribute 'to'
2025-06-17 09:48:56,035 - INFO - Iteration 60 completed:
2025-06-17 09:48:56,035 - INFO -   - Successful flights: 0/5
2025-06-17 09:48:56,035 - INFO -   - Average log likelihood: nan
2025-06-17 09:48:56,035 - INFO -   - Gradient norm: 0.000000
2025-06-17 09:48:56,035 - INFO -   - Processing time: 0.17s
2025-06-17 09:48:56,080 - INFO - Checkpoint saved to data/cases/LEMD_EGLL\batch_sgd_results\checkpoint_iter_60.pt
2025-06-17 09:48:56,080 - INFO - 
--- Iteration 61/100 ---
2025-06-17 09:48:56,080 - INFO - Processing flight 347288IBE31FY
2025-06-17 09:48:56,080 - ERROR - Error processing flight 347288IBE31FY: TRES results not found for flight 347288IBE31FY_1680781048
2025-06-17 09:48:56,090 - WARNING - Flight 347288IBE31FY failed: TRES results not found for flight 347288IBE31FY_1680781048
2025-06-17 09:48:56,090 - INFO - Processing flight 346419IBE31VM
2025-06-17 09:48:56,091 - ERROR - Error processing flight 346419IBE31VM: TRES results not found for flight 346419IBE31VM_1681135462
2025-06-17 09:48:56,091 - WARNING - Flight 346419IBE31VM failed: TRES results not found for flight 346419IBE31VM_1681135462
2025-06-17 09:48:56,091 - INFO - Processing flight 34660BIBE31HG
2025-06-17 09:48:56,092 - ERROR - Error processing flight 34660BIBE31HG: TRES results not found for flight 34660BIBE31HG_1682007238
2025-06-17 09:48:56,092 - WARNING - Flight 34660BIBE31HG failed: TRES results not found for flight 34660BIBE31HG_1682007238
2025-06-17 09:48:56,092 - INFO - Processing flight 346499IBE31ZF
2025-06-17 09:48:56,093 - ERROR - Error processing flight 346499IBE31ZF: TRES results not found for flight 346499IBE31ZF_1681285107
2025-06-17 09:48:56,093 - WARNING - Flight 346499IBE31ZF failed: TRES results not found for flight 346499IBE31ZF_1681285107
2025-06-17 09:48:56,093 - INFO - Processing flight 347453IBE31HG
2025-06-17 09:48:56,094 - ERROR - Error processing flight 347453IBE31HG: TRES results not found for flight 347453IBE31HG_1680624270
2025-06-17 09:48:56,096 - WARNING - Flight 347453IBE31HG failed: TRES results not found for flight 347453IBE31HG_1680624270
2025-06-17 09:48:56,096 - INFO - Iteration 61 completed:
2025-06-17 09:48:56,096 - INFO -   - Successful flights: 0/5
2025-06-17 09:48:56,096 - INFO -   - Average log likelihood: nan
2025-06-17 09:48:56,097 - INFO -   - Gradient norm: 0.000000
2025-06-17 09:48:56,097 - INFO -   - Processing time: 0.02s
2025-06-17 09:48:56,097 - INFO - 
--- Iteration 62/100 ---
2025-06-17 09:48:56,097 - INFO - Processing flight 346303IBE3180
2025-06-17 09:48:56,098 - ERROR - Error processing flight 346303IBE3180: TRES results not found for flight 346303IBE3180_1681484484
2025-06-17 09:48:56,098 - WARNING - Flight 346303IBE3180 failed: TRES results not found for flight 346303IBE3180_1681484484
2025-06-17 09:48:56,099 - INFO - Processing flight 346499IBE31HG
2025-06-17 09:48:56,100 - ERROR - Error processing flight 346499IBE31HG: TRES results not found for flight 346499IBE31HG_1681574878
2025-06-17 09:48:56,100 - WARNING - Flight 346499IBE31HG failed: TRES results not found for flight 346499IBE31HG_1681574878
2025-06-17 09:48:56,101 - INFO - Processing flight 400982BAW45EM
2025-06-17 09:48:56,101 - ERROR - Error processing flight 400982BAW45EM: TRES results not found for flight 400982BAW45EM_1682678414
2025-06-17 09:48:56,101 - WARNING - Flight 400982BAW45EM failed: TRES results not found for flight 400982BAW45EM_1682678414
2025-06-17 09:48:56,101 - INFO - Processing flight 3444C4IBE31HW
2025-06-17 09:48:56,121 - INFO - Running SVI sequentially for flight 3444C4IBE31HW (debug mode)
2025-06-17 09:48:56,139 - ERROR - Error processing flight 3444C4IBE31HW: 'numpy.ndarray' object has no attribute 'to'
2025-06-17 09:48:56,139 - WARNING - Flight 3444C4IBE31HW failed: 'numpy.ndarray' object has no attribute 'to'
2025-06-17 09:48:56,146 - INFO - Processing flight 400AFDBAW465M
2025-06-17 09:48:56,146 - ERROR - Error processing flight 400AFDBAW465M: TRES results not found for flight 400AFDBAW465M_1681413207
2025-06-17 09:48:56,148 - WARNING - Flight 400AFDBAW465M failed: TRES results not found for flight 400AFDBAW465M_1681413207
2025-06-17 09:48:56,149 - INFO - Iteration 62 completed:
2025-06-17 09:48:56,149 - INFO -   - Successful flights: 0/5
2025-06-17 09:48:56,149 - INFO -   - Average log likelihood: nan
2025-06-17 09:48:56,149 - INFO -   - Gradient norm: 0.000000
2025-06-17 09:48:56,149 - INFO -   - Processing time: 0.05s
2025-06-17 09:48:56,149 - INFO - 
--- Iteration 63/100 ---
2025-06-17 09:48:56,150 - INFO - Processing flight 346316IBE31FY
2025-06-17 09:48:56,151 - ERROR - Error processing flight 346316IBE31FY: TRES results not found for flight 346316IBE31FY_1681559848
2025-06-17 09:48:56,152 - WARNING - Flight 346316IBE31FY failed: TRES results not found for flight 346316IBE31FY_1681559848
2025-06-17 09:48:56,152 - INFO - Processing flight 346458IBE31FY
2025-06-17 09:48:56,152 - ERROR - Error processing flight 346458IBE31FY: TRES results not found for flight 346458IBE31FY_1681991558
2025-06-17 09:48:56,153 - WARNING - Flight 346458IBE31FY failed: TRES results not found for flight 346458IBE31FY_1681991558
2025-06-17 09:48:56,153 - INFO - Processing flight 347288IBE3170
2025-06-17 09:48:56,153 - ERROR - Error processing flight 347288IBE3170: TRES results not found for flight 347288IBE3170_1680758193
2025-06-17 09:48:56,153 - WARNING - Flight 347288IBE3170 failed: TRES results not found for flight 347288IBE3170_1680758193
2025-06-17 09:48:56,154 - INFO - Processing flight 40097EBAW461M
2025-06-17 09:48:56,154 - ERROR - Error processing flight 40097EBAW461M: TRES results not found for flight 40097EBAW461M_1681141110
2025-06-17 09:48:56,154 - WARNING - Flight 40097EBAW461M failed: TRES results not found for flight 40097EBAW461M_1681141110
2025-06-17 09:48:56,154 - INFO - Processing flight 406B62BAW43M
2025-06-17 09:48:56,155 - ERROR - Error processing flight 406B62BAW43M: TRES results not found for flight 406B62BAW43M_1681665862
2025-06-17 09:48:56,155 - WARNING - Flight 406B62BAW43M failed: TRES results not found for flight 406B62BAW43M_1681665862
2025-06-17 09:48:56,155 - INFO - Iteration 63 completed:
2025-06-17 09:48:56,155 - INFO -   - Successful flights: 0/5
2025-06-17 09:48:56,155 - INFO -   - Average log likelihood: nan
2025-06-17 09:48:56,155 - INFO -   - Gradient norm: 0.000000
2025-06-17 09:48:56,156 - INFO -   - Processing time: 0.01s
2025-06-17 09:48:56,156 - INFO - 
--- Iteration 64/100 ---
2025-06-17 09:48:56,156 - INFO - Processing flight 40093FBAW43M
2025-06-17 09:48:56,157 - ERROR - Error processing flight 40093FBAW43M: TRES results not found for flight 40093FBAW43M_1682270818
2025-06-17 09:48:56,157 - WARNING - Flight 40093FBAW43M failed: TRES results not found for flight 40093FBAW43M_1682270818
2025-06-17 09:48:56,157 - INFO - Processing flight 344346IBE31HW
2025-06-17 09:48:56,265 - INFO - Running SVI sequentially for flight 344346IBE31HW (debug mode)
2025-06-17 09:48:56,283 - ERROR - Error processing flight 344346IBE31HW: 'numpy.ndarray' object has no attribute 'to'
2025-06-17 09:48:56,283 - WARNING - Flight 344346IBE31HW failed: 'numpy.ndarray' object has no attribute 'to'
2025-06-17 09:48:56,294 - INFO - Processing flight 407D75BAW465M
2025-06-17 09:48:56,294 - ERROR - Error processing flight 407D75BAW465M: TRES results not found for flight 407D75BAW465M_1682882435
2025-06-17 09:48:56,294 - WARNING - Flight 407D75BAW465M failed: TRES results not found for flight 407D75BAW465M_1682882435
2025-06-17 09:48:56,298 - INFO - Processing flight 400AFBBAW45EM
2025-06-17 09:48:56,299 - ERROR - Error processing flight 400AFBBAW45EM: TRES results not found for flight 400AFBBAW45EM_1680863514
2025-06-17 09:48:56,299 - WARNING - Flight 400AFBBAW45EM failed: TRES results not found for flight 400AFBBAW45EM_1680863514
2025-06-17 09:48:56,300 - INFO - Processing flight 461F6DBAW43M
2025-06-17 09:48:56,301 - ERROR - Error processing flight 461F6DBAW43M: TRES results not found for flight 461F6DBAW43M_1680805822
2025-06-17 09:48:56,301 - WARNING - Flight 461F6DBAW43M failed: TRES results not found for flight 461F6DBAW43M_1680805822
2025-06-17 09:48:56,302 - INFO - Iteration 64 completed:
2025-06-17 09:48:56,302 - INFO -   - Successful flights: 0/5
2025-06-17 09:48:56,302 - INFO -   - Average log likelihood: nan
2025-06-17 09:48:56,302 - INFO -   - Gradient norm: 0.000000
2025-06-17 09:48:56,302 - INFO -   - Processing time: 0.15s
2025-06-17 09:48:56,302 - INFO - 
--- Iteration 65/100 ---
2025-06-17 09:48:56,302 - INFO - Processing flight 347344IBE3180
2025-06-17 09:48:56,304 - ERROR - Error processing flight 347344IBE3180: TRES results not found for flight 347344IBE3180_1681398781
2025-06-17 09:48:56,304 - WARNING - Flight 347344IBE3180 failed: TRES results not found for flight 347344IBE3180_1681398781
2025-06-17 09:48:56,304 - INFO - Processing flight 405EE1BAW461M
2025-06-17 09:48:56,304 - ERROR - Error processing flight 405EE1BAW461M: TRES results not found for flight 405EE1BAW461M_1681488275
2025-06-17 09:48:56,304 - WARNING - Flight 405EE1BAW461M failed: TRES results not found for flight 405EE1BAW461M_1681488275
2025-06-17 09:48:56,304 - INFO - Processing flight 3472CCIBE31HG
2025-06-17 09:48:56,304 - ERROR - Error processing flight 3472CCIBE31HG: TRES results not found for flight 3472CCIBE31HG_1682439626
2025-06-17 09:48:56,304 - WARNING - Flight 3472CCIBE31HG failed: TRES results not found for flight 3472CCIBE31HG_1682439626
2025-06-17 09:48:56,304 - INFO - Processing flight 407536BAW457
2025-06-17 09:48:56,304 - ERROR - Error processing flight 407536BAW457: TRES results not found for flight 407536BAW457_1681116384
2025-06-17 09:48:56,304 - WARNING - Flight 407536BAW457 failed: TRES results not found for flight 407536BAW457_1681116384
2025-06-17 09:48:56,304 - INFO - Processing flight 346555IBE31VM
2025-06-17 09:48:56,304 - ERROR - Error processing flight 346555IBE31VM: TRES results not found for flight 346555IBE31VM_1680617692
2025-06-17 09:48:56,304 - WARNING - Flight 346555IBE31VM failed: TRES results not found for flight 346555IBE31VM_1680617692
2025-06-17 09:48:56,304 - INFO - Iteration 65 completed:
2025-06-17 09:48:56,307 - INFO -   - Successful flights: 0/5
2025-06-17 09:48:56,307 - INFO -   - Average log likelihood: nan
2025-06-17 09:48:56,307 - INFO -   - Gradient norm: 0.000000
2025-06-17 09:48:56,307 - INFO -   - Processing time: 0.00s
2025-06-17 09:48:56,307 - INFO - 
--- Iteration 66/100 ---
2025-06-17 09:48:56,307 - INFO - Processing flight 406531BAW465M
2025-06-17 09:48:56,308 - ERROR - Error processing flight 406531BAW465M: TRES results not found for flight 406531BAW465M_1680461396
2025-06-17 09:48:56,308 - WARNING - Flight 406531BAW465M failed: TRES results not found for flight 406531BAW465M_1680461396
2025-06-17 09:48:56,308 - INFO - Processing flight 406532BAW457
2025-06-17 09:48:56,309 - ERROR - Error processing flight 406532BAW457: TRES results not found for flight 406532BAW457_1680856654
2025-06-17 09:48:56,309 - WARNING - Flight 406532BAW457 failed: TRES results not found for flight 406532BAW457_1680856654
2025-06-17 09:48:56,309 - INFO - Processing flight 34660BIBE31SE
2025-06-17 09:48:56,310 - ERROR - Error processing flight 34660BIBE31SE: TRES results not found for flight 34660BIBE31SE_1681823951
2025-06-17 09:48:56,310 - WARNING - Flight 34660BIBE31SE failed: TRES results not found for flight 34660BIBE31SE_1681823951
2025-06-17 09:48:56,311 - INFO - Processing flight 346147IBE31SE
2025-06-17 09:48:56,311 - ERROR - Error processing flight 346147IBE31SE: TRES results not found for flight 346147IBE31SE_1680873238
2025-06-17 09:48:56,312 - WARNING - Flight 346147IBE31SE failed: TRES results not found for flight 346147IBE31SE_1680873238
2025-06-17 09:48:56,312 - INFO - Processing flight 347453IBE31FY
2025-06-17 09:48:56,314 - ERROR - Error processing flight 347453IBE31FY: TRES results not found for flight 347453IBE31FY_1681127257
2025-06-17 09:48:56,315 - WARNING - Flight 347453IBE31FY failed: TRES results not found for flight 347453IBE31FY_1681127257
2025-06-17 09:48:56,315 - INFO - Iteration 66 completed:
2025-06-17 09:48:56,315 - INFO -   - Successful flights: 0/5
2025-06-17 09:48:56,315 - INFO -   - Average log likelihood: nan
2025-06-17 09:48:56,315 - INFO -   - Gradient norm: 0.000000
2025-06-17 09:48:56,315 - INFO -   - Processing time: 0.01s
2025-06-17 09:48:56,316 - INFO - 
--- Iteration 67/100 ---
2025-06-17 09:48:56,316 - INFO - Processing flight 346458IBE3170
2025-06-17 09:48:56,317 - ERROR - Error processing flight 346458IBE3170: TRES results not found for flight 346458IBE3170_1681967794
2025-06-17 09:48:56,317 - WARNING - Flight 346458IBE3170 failed: TRES results not found for flight 346458IBE3170_1681967794
2025-06-17 09:48:56,318 - INFO - Processing flight 3472CCIBE31FY
2025-06-17 09:48:56,318 - ERROR - Error processing flight 3472CCIBE31FY: TRES results not found for flight 3472CCIBE31FY_1681386398
2025-06-17 09:48:56,318 - WARNING - Flight 3472CCIBE31FY failed: TRES results not found for flight 3472CCIBE31FY_1681386398
2025-06-17 09:48:56,318 - INFO - Processing flight 34660BIBE31HG
2025-06-17 09:48:56,319 - ERROR - Error processing flight 34660BIBE31HG: TRES results not found for flight 34660BIBE31HG_1680970017
2025-06-17 09:48:56,319 - WARNING - Flight 34660BIBE31HG failed: TRES results not found for flight 34660BIBE31HG_1680970017
2025-06-17 09:48:56,319 - INFO - Processing flight 346303IBE3180
2025-06-17 09:48:56,319 - ERROR - Error processing flight 346303IBE3180: TRES results not found for flight 346303IBE3180_1681657702
2025-06-17 09:48:56,319 - WARNING - Flight 346303IBE3180 failed: TRES results not found for flight 346303IBE3180_1681657702
2025-06-17 09:48:56,319 - INFO - Processing flight 406B62BAW457
2025-06-17 09:48:56,319 - ERROR - Error processing flight 406B62BAW457: TRES results not found for flight 406B62BAW457_1681550711
2025-06-17 09:48:56,319 - WARNING - Flight 406B62BAW457 failed: TRES results not found for flight 406B62BAW457_1681550711
2025-06-17 09:48:56,319 - INFO - Iteration 67 completed:
2025-06-17 09:48:56,319 - INFO -   - Successful flights: 0/5
2025-06-17 09:48:56,319 - INFO -   - Average log likelihood: nan
2025-06-17 09:48:56,319 - INFO -   - Gradient norm: 0.000000
2025-06-17 09:48:56,319 - INFO -   - Processing time: 0.00s
2025-06-17 09:48:56,319 - INFO - 
--- Iteration 68/100 ---
2025-06-17 09:48:56,319 - INFO - Processing flight 347219IBE31HG
2025-06-17 09:48:56,319 - ERROR - Error processing flight 347219IBE31HG: TRES results not found for flight 347219IBE31HG_1680538304
2025-06-17 09:48:56,319 - WARNING - Flight 347219IBE31HG failed: TRES results not found for flight 347219IBE31HG_1680538304
2025-06-17 09:48:56,319 - INFO - Processing flight 347287IBE3180
2025-06-17 09:48:56,323 - ERROR - Error processing flight 347287IBE3180: TRES results not found for flight 347287IBE3180_1680707026
2025-06-17 09:48:56,323 - WARNING - Flight 347287IBE3180 failed: TRES results not found for flight 347287IBE3180_1680707026
2025-06-17 09:48:56,323 - INFO - Processing flight 400CEBBAW43M
2025-06-17 09:48:56,323 - ERROR - Error processing flight 400CEBBAW43M: TRES results not found for flight 400CEBBAW43M_1682705169
2025-06-17 09:48:56,324 - WARNING - Flight 400CEBBAW43M failed: TRES results not found for flight 400CEBBAW43M_1682705169
2025-06-17 09:48:56,324 - INFO - Processing flight 40087ABAW457
2025-06-17 09:48:56,324 - ERROR - Error processing flight 40087ABAW457: TRES results not found for flight 40087ABAW457_1682671088
2025-06-17 09:48:56,324 - WARNING - Flight 40087ABAW457 failed: TRES results not found for flight 40087ABAW457_1682671088
2025-06-17 09:48:56,324 - INFO - Processing flight 34520FIBE31VM
2025-06-17 09:48:56,325 - ERROR - Error processing flight 34520FIBE31VM: TRES results not found for flight 34520FIBE31VM_1682258998
2025-06-17 09:48:56,325 - WARNING - Flight 34520FIBE31VM failed: TRES results not found for flight 34520FIBE31VM_1682258998
2025-06-17 09:48:56,325 - INFO - Iteration 68 completed:
2025-06-17 09:48:56,325 - INFO -   - Successful flights: 0/5
2025-06-17 09:48:56,326 - INFO -   - Average log likelihood: nan
2025-06-17 09:48:56,326 - INFO -   - Gradient norm: 0.000000
2025-06-17 09:48:56,326 - INFO -   - Processing time: 0.01s
2025-06-17 09:48:56,326 - INFO - 
--- Iteration 69/100 ---
2025-06-17 09:48:56,326 - INFO - Processing flight 346147IBE31SE
2025-06-17 09:48:56,328 - ERROR - Error processing flight 346147IBE31SE: TRES results not found for flight 346147IBE31SE_1680873238
2025-06-17 09:48:56,328 - WARNING - Flight 346147IBE31SE failed: TRES results not found for flight 346147IBE31SE_1680873238
2025-06-17 09:48:56,328 - INFO - Processing flight 347344IBE31FY
2025-06-17 09:48:56,329 - ERROR - Error processing flight 347344IBE31FY: TRES results not found for flight 347344IBE31FY_1680955438
2025-06-17 09:48:56,330 - WARNING - Flight 347344IBE31FY failed: TRES results not found for flight 347344IBE31FY_1680955438
2025-06-17 09:48:56,330 - INFO - Processing flight 34659AIBE31HW
2025-06-17 09:48:56,332 - ERROR - Error processing flight 34659AIBE31HW: TRES results not found for flight 34659AIBE31HW_1680676104
2025-06-17 09:48:56,332 - WARNING - Flight 34659AIBE31HW failed: TRES results not found for flight 34659AIBE31HW_1680676104
2025-06-17 09:48:56,333 - INFO - Processing flight 4076E2BAW461M
2025-06-17 09:48:56,333 - ERROR - Error processing flight 4076E2BAW461M: TRES results not found for flight 4076E2BAW461M_1681659937
2025-06-17 09:48:56,333 - WARNING - Flight 4076E2BAW461M failed: TRES results not found for flight 4076E2BAW461M_1681659937
2025-06-17 09:48:56,333 - INFO - Processing flight 401240BAW45EM
2025-06-17 09:48:56,333 - ERROR - Error processing flight 401240BAW45EM: TRES results not found for flight 401240BAW45EM_1681474464
2025-06-17 09:48:56,333 - WARNING - Flight 401240BAW45EM failed: TRES results not found for flight 401240BAW45EM_1681474464
2025-06-17 09:48:56,334 - INFO - Iteration 69 completed:
2025-06-17 09:48:56,334 - INFO -   - Successful flights: 0/5
2025-06-17 09:48:56,334 - INFO -   - Average log likelihood: nan
2025-06-17 09:48:56,334 - INFO -   - Gradient norm: 0.000000
2025-06-17 09:48:56,334 - INFO -   - Processing time: 0.01s
2025-06-17 09:48:56,334 - INFO - 
--- Iteration 70/100 ---
2025-06-17 09:48:56,334 - INFO - Processing flight 4008ADBAW45EM
2025-06-17 09:48:56,334 - ERROR - Error processing flight 4008ADBAW45EM: TRES results not found for flight 4008ADBAW45EM_1681814196
2025-06-17 09:48:56,334 - WARNING - Flight 4008ADBAW45EM failed: TRES results not found for flight 4008ADBAW45EM_1681814196
2025-06-17 09:48:56,334 - INFO - Processing flight 344502IBE31VM
2025-06-17 09:48:56,350 - INFO - Running SVI sequentially for flight 344502IBE31VM (debug mode)
2025-06-17 09:48:56,367 - ERROR - Error processing flight 344502IBE31VM: 'numpy.ndarray' object has no attribute 'to'
2025-06-17 09:48:56,367 - WARNING - Flight 344502IBE31VM failed: 'numpy.ndarray' object has no attribute 'to'
2025-06-17 09:48:56,367 - INFO - Processing flight 401240BAW45EM
2025-06-17 09:48:56,367 - ERROR - Error processing flight 401240BAW45EM: TRES results not found for flight 401240BAW45EM_1681295838
2025-06-17 09:48:56,367 - WARNING - Flight 401240BAW45EM failed: TRES results not found for flight 401240BAW45EM_1681295838
2025-06-17 09:48:56,367 - INFO - Processing flight 346316IBE3180
2025-06-17 09:48:56,367 - ERROR - Error processing flight 346316IBE3180: TRES results not found for flight 346316IBE3180_1682435864
2025-06-17 09:48:56,367 - WARNING - Flight 346316IBE3180 failed: TRES results not found for flight 346316IBE3180_1682435864
2025-06-17 09:48:56,367 - INFO - Processing flight 40697CBAW457
2025-06-17 09:48:56,374 - ERROR - Error processing flight 40697CBAW457: TRES results not found for flight 40697CBAW457_1680343549
2025-06-17 09:48:56,375 - WARNING - Flight 40697CBAW457 failed: TRES results not found for flight 40697CBAW457_1680343549
2025-06-17 09:48:56,375 - INFO - Iteration 70 completed:
2025-06-17 09:48:56,375 - INFO -   - Successful flights: 0/5
2025-06-17 09:48:56,375 - INFO -   - Average log likelihood: nan
2025-06-17 09:48:56,375 - INFO -   - Gradient norm: 0.000000
2025-06-17 09:48:56,376 - INFO -   - Processing time: 0.04s
2025-06-17 09:48:56,412 - INFO - Checkpoint saved to data/cases/LEMD_EGLL\batch_sgd_results\checkpoint_iter_70.pt
2025-06-17 09:48:56,412 - INFO - 
--- Iteration 71/100 ---
2025-06-17 09:48:56,412 - INFO - Processing flight 344344IBE31HW
2025-06-17 09:48:56,433 - INFO - Running SVI sequentially for flight 344344IBE31HW (debug mode)
2025-06-17 09:48:56,447 - ERROR - Error processing flight 344344IBE31HW: 'numpy.ndarray' object has no attribute 'to'
2025-06-17 09:48:56,447 - WARNING - Flight 344344IBE31HW failed: 'numpy.ndarray' object has no attribute 'to'
2025-06-17 09:48:56,462 - INFO - Processing flight 346419IBE31VM
2025-06-17 09:48:56,464 - ERROR - Error processing flight 346419IBE31VM: TRES results not found for flight 346419IBE31VM_1682606358
2025-06-17 09:48:56,464 - WARNING - Flight 346419IBE31VM failed: TRES results not found for flight 346419IBE31VM_1682606358
2025-06-17 09:48:56,466 - INFO - Processing flight 347344IBE3170
2025-06-17 09:48:56,466 - ERROR - Error processing flight 347344IBE3170: TRES results not found for flight 347344IBE3170_1681794748
2025-06-17 09:48:56,467 - WARNING - Flight 347344IBE3170 failed: TRES results not found for flight 347344IBE3170_1681794748
2025-06-17 09:48:56,467 - INFO - Processing flight 40093FBAW43M
2025-06-17 09:48:56,467 - ERROR - Error processing flight 40093FBAW43M: TRES results not found for flight 40093FBAW43M_1682270818
2025-06-17 09:48:56,468 - WARNING - Flight 40093FBAW43M failed: TRES results not found for flight 40093FBAW43M_1682270818
2025-06-17 09:48:56,468 - INFO - Processing flight 347288IBE31HG
2025-06-17 09:48:56,468 - ERROR - Error processing flight 347288IBE31HG: TRES results not found for flight 347288IBE31HG_1680711049
2025-06-17 09:48:56,468 - WARNING - Flight 347288IBE31HG failed: TRES results not found for flight 347288IBE31HG_1680711049
2025-06-17 09:48:56,469 - INFO - Iteration 71 completed:
2025-06-17 09:48:56,469 - INFO -   - Successful flights: 0/5
2025-06-17 09:48:56,469 - INFO -   - Average log likelihood: nan
2025-06-17 09:48:56,469 - INFO -   - Gradient norm: 0.000000
2025-06-17 09:48:56,469 - INFO -   - Processing time: 0.06s
2025-06-17 09:48:56,469 - INFO - 
--- Iteration 72/100 ---
2025-06-17 09:48:56,469 - INFO - Processing flight 407844BAW43M
2025-06-17 09:48:56,470 - ERROR - Error processing flight 407844BAW43M: TRES results not found for flight 407844BAW43M_1682445417
2025-06-17 09:48:56,471 - WARNING - Flight 407844BAW43M failed: TRES results not found for flight 407844BAW43M_1682445417
2025-06-17 09:48:56,471 - INFO - Processing flight 401240BAW457
2025-06-17 09:48:56,471 - ERROR - Error processing flight 401240BAW457: TRES results not found for flight 401240BAW457_1680600920
2025-06-17 09:48:56,471 - WARNING - Flight 401240BAW457 failed: TRES results not found for flight 401240BAW457_1680600920
2025-06-17 09:48:56,472 - INFO - Processing flight 406B62BAW43M
2025-06-17 09:48:56,472 - ERROR - Error processing flight 406B62BAW43M: TRES results not found for flight 406B62BAW43M_1681665862
2025-06-17 09:48:56,472 - WARNING - Flight 406B62BAW43M failed: TRES results not found for flight 406B62BAW43M_1681665862
2025-06-17 09:48:56,472 - INFO - Processing flight 34659AIBE31VM
2025-06-17 09:48:56,473 - ERROR - Error processing flight 34659AIBE31VM: TRES results not found for flight 34659AIBE31VM_1681826312
2025-06-17 09:48:56,473 - WARNING - Flight 34659AIBE31VM failed: TRES results not found for flight 34659AIBE31VM_1681826312
2025-06-17 09:48:56,473 - INFO - Processing flight 405A4ABAW45EM
2025-06-17 09:48:56,473 - ERROR - Error processing flight 405A4ABAW45EM: TRES results not found for flight 405A4ABAW45EM_1680691407
2025-06-17 09:48:56,473 - WARNING - Flight 405A4ABAW45EM failed: TRES results not found for flight 405A4ABAW45EM_1680691407
2025-06-17 09:48:56,473 - INFO - Iteration 72 completed:
2025-06-17 09:48:56,473 - INFO -   - Successful flights: 0/5
2025-06-17 09:48:56,473 - INFO -   - Average log likelihood: nan
2025-06-17 09:48:56,473 - INFO -   - Gradient norm: 0.000000
2025-06-17 09:48:56,473 - INFO -   - Processing time: 0.00s
2025-06-17 09:48:56,473 - INFO - 
--- Iteration 73/100 ---
2025-06-17 09:48:56,473 - INFO - Processing flight 347453IBE3170
2025-06-17 09:48:56,473 - ERROR - Error processing flight 347453IBE3170: TRES results not found for flight 347453IBE3170_1681104026
2025-06-17 09:48:56,473 - WARNING - Flight 347453IBE3170 failed: TRES results not found for flight 347453IBE3170_1681104026
2025-06-17 09:48:56,473 - INFO - Processing flight 407844BAW43M
2025-06-17 09:48:56,476 - ERROR - Error processing flight 407844BAW43M: TRES results not found for flight 407844BAW43M_1682445417
2025-06-17 09:48:56,476 - WARNING - Flight 407844BAW43M failed: TRES results not found for flight 407844BAW43M_1682445417
2025-06-17 09:48:56,476 - INFO - Processing flight 405A4ABAW457
2025-06-17 09:48:56,477 - ERROR - Error processing flight 405A4ABAW457: TRES results not found for flight 405A4ABAW457_1682584979
2025-06-17 09:48:56,477 - WARNING - Flight 405A4ABAW457 failed: TRES results not found for flight 405A4ABAW457_1682584979
2025-06-17 09:48:56,477 - INFO - Processing flight 405A4ABAW45EM
2025-06-17 09:48:56,477 - ERROR - Error processing flight 405A4ABAW45EM: TRES results not found for flight 405A4ABAW45EM_1680691407
2025-06-17 09:48:56,478 - WARNING - Flight 405A4ABAW45EM failed: TRES results not found for flight 405A4ABAW45EM_1680691407
2025-06-17 09:48:56,478 - INFO - Processing flight 346303IBE31ZF
2025-06-17 09:48:56,480 - ERROR - Error processing flight 346303IBE31ZF: TRES results not found for flight 346303IBE31ZF_1682839648
2025-06-17 09:48:56,480 - WARNING - Flight 346303IBE31ZF failed: TRES results not found for flight 346303IBE31ZF_1682839648
2025-06-17 09:48:56,480 - INFO - Iteration 73 completed:
2025-06-17 09:48:56,480 - INFO -   - Successful flights: 0/5
2025-06-17 09:48:56,480 - INFO -   - Average log likelihood: nan
2025-06-17 09:48:56,480 - INFO -   - Gradient norm: 0.000000
2025-06-17 09:48:56,480 - INFO -   - Processing time: 0.01s
2025-06-17 09:48:56,480 - INFO - 
--- Iteration 74/100 ---
2025-06-17 09:48:56,480 - INFO - Processing flight 346303IBE3180
2025-06-17 09:48:56,480 - ERROR - Error processing flight 346303IBE3180: TRES results not found for flight 346303IBE3180_1681657702
2025-06-17 09:48:56,480 - WARNING - Flight 346303IBE3180 failed: TRES results not found for flight 346303IBE3180_1681657702
2025-06-17 09:48:56,480 - INFO - Processing flight 346303IBE3170
2025-06-17 09:48:56,480 - ERROR - Error processing flight 346303IBE3170: TRES results not found for flight 346303IBE3170_1681277499
2025-06-17 09:48:56,480 - WARNING - Flight 346303IBE3170 failed: TRES results not found for flight 346303IBE3170_1681277499
2025-06-17 09:48:56,480 - INFO - Processing flight 346499IBE31HG
2025-06-17 09:48:56,480 - ERROR - Error processing flight 346499IBE31HG: TRES results not found for flight 346499IBE31HG_1681574878
2025-06-17 09:48:56,480 - WARNING - Flight 346499IBE31HG failed: TRES results not found for flight 346499IBE31HG_1681574878
2025-06-17 09:48:56,480 - INFO - Processing flight 440BC8BCS8461
2025-06-17 09:48:56,480 - ERROR - Error processing flight 440BC8BCS8461: TRES results not found for flight 440BC8BCS8461_1682703358
2025-06-17 09:48:56,480 - WARNING - Flight 440BC8BCS8461 failed: TRES results not found for flight 440BC8BCS8461_1682703358
2025-06-17 09:48:56,486 - INFO - Processing flight 346499IBE3170
2025-06-17 09:48:56,486 - ERROR - Error processing flight 346499IBE3170: TRES results not found for flight 346499IBE3170_1681190257
2025-06-17 09:48:56,486 - WARNING - Flight 346499IBE3170 failed: TRES results not found for flight 346499IBE3170_1681190257
2025-06-17 09:48:56,486 - INFO - Iteration 74 completed:
2025-06-17 09:48:56,486 - INFO -   - Successful flights: 0/5
2025-06-17 09:48:56,486 - INFO -   - Average log likelihood: nan
2025-06-17 09:48:56,486 - INFO -   - Gradient norm: 0.000000
2025-06-17 09:48:56,487 - INFO -   - Processing time: 0.01s
2025-06-17 09:48:56,487 - INFO - 
--- Iteration 75/100 ---
2025-06-17 09:48:56,487 - INFO - Processing flight 4008B4BAW461M
2025-06-17 09:48:56,487 - ERROR - Error processing flight 4008B4BAW461M: TRES results not found for flight 4008B4BAW461M_1681227178
2025-06-17 09:48:56,488 - WARNING - Flight 4008B4BAW461M failed: TRES results not found for flight 4008B4BAW461M_1681227178
2025-06-17 09:48:56,488 - INFO - Processing flight 40097EBAW461M
2025-06-17 09:48:56,488 - ERROR - Error processing flight 40097EBAW461M: TRES results not found for flight 40097EBAW461M_1681141110
2025-06-17 09:48:56,488 - WARNING - Flight 40097EBAW461M failed: TRES results not found for flight 40097EBAW461M_1681141110
2025-06-17 09:48:56,489 - INFO - Processing flight 4076CDBAW457
2025-06-17 09:48:56,489 - ERROR - Error processing flight 4076CDBAW457: TRES results not found for flight 4076CDBAW457_1680511650
2025-06-17 09:48:56,489 - WARNING - Flight 4076CDBAW457 failed: TRES results not found for flight 4076CDBAW457_1680511650
2025-06-17 09:48:56,489 - INFO - Processing flight 347287IBE31FY
2025-06-17 09:48:56,490 - ERROR - Error processing flight 347287IBE31FY: TRES results not found for flight 347287IBE31FY_1681645001
2025-06-17 09:48:56,490 - WARNING - Flight 347287IBE31FY failed: TRES results not found for flight 347287IBE31FY_1681645001
2025-06-17 09:48:56,490 - INFO - Processing flight 345691IBE31FY
2025-06-17 09:48:56,491 - ERROR - Error processing flight 345691IBE31FY: TRES results not found for flight 345691IBE31FY_1680358417
2025-06-17 09:48:56,491 - WARNING - Flight 345691IBE31FY failed: TRES results not found for flight 345691IBE31FY_1680358417
2025-06-17 09:48:56,491 - INFO - Iteration 75 completed:
2025-06-17 09:48:56,491 - INFO -   - Successful flights: 0/5
2025-06-17 09:48:56,491 - INFO -   - Average log likelihood: nan
2025-06-17 09:48:56,491 - INFO -   - Gradient norm: 0.000000
2025-06-17 09:48:56,491 - INFO -   - Processing time: 0.00s
2025-06-17 09:48:56,491 - INFO - 
--- Iteration 76/100 ---
2025-06-17 09:48:56,492 - INFO - Processing flight 344345IBE31HW
2025-06-17 09:48:56,591 - INFO - Running SVI sequentially for flight 344345IBE31HW (debug mode)
2025-06-17 09:48:56,595 - ERROR - Error processing flight 344345IBE31HW: 'numpy.ndarray' object has no attribute 'to'
2025-06-17 09:48:56,595 - WARNING - Flight 344345IBE31HW failed: 'numpy.ndarray' object has no attribute 'to'
2025-06-17 09:48:56,612 - INFO - Processing flight 346419IBE31VM
2025-06-17 09:48:56,613 - ERROR - Error processing flight 346419IBE31VM: TRES results not found for flight 346419IBE31VM_1681135462
2025-06-17 09:48:56,613 - WARNING - Flight 346419IBE31VM failed: TRES results not found for flight 346419IBE31VM_1681135462
2025-06-17 09:48:56,614 - INFO - Processing flight 345691IBE3170
2025-06-17 09:48:56,615 - ERROR - Error processing flight 345691IBE3170: TRES results not found for flight 345691IBE3170_1680673385
2025-06-17 09:48:56,616 - WARNING - Flight 345691IBE3170 failed: TRES results not found for flight 345691IBE3170_1680673385
2025-06-17 09:48:56,616 - INFO - Processing flight 3472CCIBE31FY
2025-06-17 09:48:56,617 - ERROR - Error processing flight 3472CCIBE31FY: TRES results not found for flight 3472CCIBE31FY_1682856040
2025-06-17 09:48:56,617 - WARNING - Flight 3472CCIBE31FY failed: TRES results not found for flight 3472CCIBE31FY_1682856040
2025-06-17 09:48:56,618 - INFO - Processing flight 40123FBAW43M
2025-06-17 09:48:56,619 - ERROR - Error processing flight 40123FBAW43M: TRES results not found for flight 40123FBAW43M_1682013061
2025-06-17 09:48:56,619 - WARNING - Flight 40123FBAW43M failed: TRES results not found for flight 40123FBAW43M_1682013061
2025-06-17 09:48:56,620 - INFO - Iteration 76 completed:
2025-06-17 09:48:56,620 - INFO -   - Successful flights: 0/5
2025-06-17 09:48:56,620 - INFO -   - Average log likelihood: nan
2025-06-17 09:48:56,620 - INFO -   - Gradient norm: 0.000000
2025-06-17 09:48:56,620 - INFO -   - Processing time: 0.13s
2025-06-17 09:48:56,621 - INFO - 
--- Iteration 77/100 ---
2025-06-17 09:48:56,621 - INFO - Processing flight 344304IBE31HW
2025-06-17 09:48:56,635 - INFO - Running SVI sequentially for flight 344304IBE31HW (debug mode)
2025-06-17 09:48:56,662 - ERROR - Error processing flight 344304IBE31HW: 'numpy.ndarray' object has no attribute 'to'
2025-06-17 09:48:56,663 - WARNING - Flight 344304IBE31HW failed: 'numpy.ndarray' object has no attribute 'to'
2025-06-17 09:48:56,666 - INFO - Processing flight 40123FBAW465M
2025-06-17 09:48:56,666 - ERROR - Error processing flight 40123FBAW465M: TRES results not found for flight 40123FBAW465M_1680635355
2025-06-17 09:48:56,671 - WARNING - Flight 40123FBAW465M failed: TRES results not found for flight 40123FBAW465M_1680635355
2025-06-17 09:48:56,671 - INFO - Processing flight 461F69BAW43M
2025-06-17 09:48:56,672 - ERROR - Error processing flight 461F69BAW43M: TRES results not found for flight 461F69BAW43M_1681409061
2025-06-17 09:48:56,672 - WARNING - Flight 461F69BAW43M failed: TRES results not found for flight 461F69BAW43M_1681409061
2025-06-17 09:48:56,672 - INFO - Processing flight 400A25BAW461M
2025-06-17 09:48:56,672 - ERROR - Error processing flight 400A25BAW461M: TRES results not found for flight 400A25BAW461M_1680710786
2025-06-17 09:48:56,673 - WARNING - Flight 400A25BAW461M failed: TRES results not found for flight 400A25BAW461M_1680710786
2025-06-17 09:48:56,673 - INFO - Processing flight 40087ABAW457
2025-06-17 09:48:56,673 - ERROR - Error processing flight 40087ABAW457: TRES results not found for flight 40087ABAW457_1681293798
2025-06-17 09:48:56,673 - WARNING - Flight 40087ABAW457 failed: TRES results not found for flight 40087ABAW457_1681293798
2025-06-17 09:48:56,673 - INFO - Iteration 77 completed:
2025-06-17 09:48:56,674 - INFO -   - Successful flights: 0/5
2025-06-17 09:48:56,674 - INFO -   - Average log likelihood: nan
2025-06-17 09:48:56,674 - INFO -   - Gradient norm: 0.000000
2025-06-17 09:48:56,674 - INFO -   - Processing time: 0.05s
2025-06-17 09:48:56,674 - INFO - 
--- Iteration 78/100 ---
2025-06-17 09:48:56,674 - INFO - Processing flight 4008F2BAW465M
2025-06-17 09:48:56,675 - ERROR - Error processing flight 4008F2BAW465M: TRES results not found for flight 4008F2BAW465M_1680720683
2025-06-17 09:48:56,676 - WARNING - Flight 4008F2BAW465M failed: TRES results not found for flight 4008F2BAW465M_1680720683
2025-06-17 09:48:56,676 - INFO - Processing flight 347287IBE31FY
2025-06-17 09:48:56,676 - ERROR - Error processing flight 347287IBE31FY: TRES results not found for flight 347287IBE31FY_1681645001
2025-06-17 09:48:56,676 - WARNING - Flight 347287IBE31FY failed: TRES results not found for flight 347287IBE31FY_1681645001
2025-06-17 09:48:56,676 - INFO - Processing flight 347344IBE3170
2025-06-17 09:48:56,676 - ERROR - Error processing flight 347344IBE3170: TRES results not found for flight 347344IBE3170_1681794748
2025-06-17 09:48:56,676 - WARNING - Flight 347344IBE3170 failed: TRES results not found for flight 347344IBE3170_1681794748
2025-06-17 09:48:56,676 - INFO - Processing flight 34660BIBE3180
2025-06-17 09:48:56,676 - ERROR - Error processing flight 34660BIBE3180: TRES results not found for flight 34660BIBE3180_1680364225
2025-06-17 09:48:56,676 - WARNING - Flight 34660BIBE3180 failed: TRES results not found for flight 34660BIBE3180_1680364225
2025-06-17 09:48:56,676 - INFO - Processing flight 406A3DBAW465M
2025-06-17 09:48:56,682 - ERROR - Error processing flight 406A3DBAW465M: TRES results not found for flight 406A3DBAW465M_1682020918
2025-06-17 09:48:56,682 - WARNING - Flight 406A3DBAW465M failed: TRES results not found for flight 406A3DBAW465M_1682020918
2025-06-17 09:48:56,682 - INFO - Iteration 78 completed:
2025-06-17 09:48:56,682 - INFO -   - Successful flights: 0/5
2025-06-17 09:48:56,682 - INFO -   - Average log likelihood: nan
2025-06-17 09:48:56,682 - INFO -   - Gradient norm: 0.000000
2025-06-17 09:48:56,682 - INFO -   - Processing time: 0.01s
2025-06-17 09:48:56,682 - INFO - 
--- Iteration 79/100 ---
2025-06-17 09:48:56,683 - INFO - Processing flight 346499IBE3180
2025-06-17 09:48:56,683 - ERROR - Error processing flight 346499IBE3180: TRES results not found for flight 346499IBE3180_1681314335
2025-06-17 09:48:56,684 - WARNING - Flight 346499IBE3180 failed: TRES results not found for flight 346499IBE3180_1681314335
2025-06-17 09:48:56,684 - INFO - Processing flight 347288IBE31SE
2025-06-17 09:48:56,684 - ERROR - Error processing flight 347288IBE31SE: TRES results not found for flight 347288IBE31SE_1682861490
2025-06-17 09:48:56,684 - WARNING - Flight 347288IBE31SE failed: TRES results not found for flight 347288IBE31SE_1682861490
2025-06-17 09:48:56,685 - INFO - Processing flight 346499IBE3170
2025-06-17 09:48:56,686 - ERROR - Error processing flight 346499IBE3170: TRES results not found for flight 346499IBE3170_1681190257
2025-06-17 09:48:56,686 - WARNING - Flight 346499IBE3170 failed: TRES results not found for flight 346499IBE3170_1681190257
2025-06-17 09:48:56,686 - INFO - Processing flight 346458IBE0042
2025-06-17 09:48:56,687 - ERROR - Error processing flight 346458IBE0042: TRES results not found for flight 346458IBE0042_1681739967
2025-06-17 09:48:56,687 - WARNING - Flight 346458IBE0042 failed: TRES results not found for flight 346458IBE0042_1681739967
2025-06-17 09:48:56,687 - INFO - Processing flight 345691IBE31FY
2025-06-17 09:48:56,687 - ERROR - Error processing flight 345691IBE31FY: TRES results not found for flight 345691IBE31FY_1680522927
2025-06-17 09:48:56,687 - WARNING - Flight 345691IBE31FY failed: TRES results not found for flight 345691IBE31FY_1680522927
2025-06-17 09:48:56,688 - INFO - Iteration 79 completed:
2025-06-17 09:48:56,688 - INFO -   - Successful flights: 0/5
2025-06-17 09:48:56,688 - INFO -   - Average log likelihood: nan
2025-06-17 09:48:56,688 - INFO -   - Gradient norm: 0.000000
2025-06-17 09:48:56,688 - INFO -   - Processing time: 0.01s
2025-06-17 09:48:56,688 - INFO - 
--- Iteration 80/100 ---
2025-06-17 09:48:56,688 - INFO - Processing flight 346303IBE3180
2025-06-17 09:48:56,688 - ERROR - Error processing flight 346303IBE3180: TRES results not found for flight 346303IBE3180_1680620915
2025-06-17 09:48:56,688 - WARNING - Flight 346303IBE3180 failed: TRES results not found for flight 346303IBE3180_1680620915
2025-06-17 09:48:56,688 - INFO - Processing flight 346419IBE31VM
2025-06-17 09:48:56,688 - ERROR - Error processing flight 346419IBE31VM: TRES results not found for flight 346419IBE31VM_1682606358
2025-06-17 09:48:56,688 - WARNING - Flight 346419IBE31VM failed: TRES results not found for flight 346419IBE31VM_1682606358
2025-06-17 09:48:56,691 - INFO - Processing flight 400960BAW457
2025-06-17 09:48:56,691 - ERROR - Error processing flight 400960BAW457: TRES results not found for flight 400960BAW457_1681202507
2025-06-17 09:48:56,691 - WARNING - Flight 400960BAW457 failed: TRES results not found for flight 400960BAW457_1681202507
2025-06-17 09:48:56,691 - INFO - Processing flight 406A3DBAW465M
2025-06-17 09:48:56,692 - ERROR - Error processing flight 406A3DBAW465M: TRES results not found for flight 406A3DBAW465M_1682020918
2025-06-17 09:48:56,692 - WARNING - Flight 406A3DBAW465M failed: TRES results not found for flight 406A3DBAW465M_1682020918
2025-06-17 09:48:56,692 - INFO - Processing flight 346499IBE31ZF
2025-06-17 09:48:56,692 - ERROR - Error processing flight 346499IBE31ZF: TRES results not found for flight 346499IBE31ZF_1681285107
2025-06-17 09:48:56,692 - WARNING - Flight 346499IBE31ZF failed: TRES results not found for flight 346499IBE31ZF_1681285107
2025-06-17 09:48:56,693 - INFO - Iteration 80 completed:
2025-06-17 09:48:56,693 - INFO -   - Successful flights: 0/5
2025-06-17 09:48:56,693 - INFO -   - Average log likelihood: nan
2025-06-17 09:48:56,693 - INFO -   - Gradient norm: 0.000000
2025-06-17 09:48:56,693 - INFO -   - Processing time: 0.01s
2025-06-17 09:48:56,729 - INFO - Checkpoint saved to data/cases/LEMD_EGLL\batch_sgd_results\checkpoint_iter_80.pt
2025-06-17 09:48:56,729 - INFO - 
--- Iteration 81/100 ---
2025-06-17 09:48:56,729 - INFO - Processing flight 40780DBAW45EM
2025-06-17 09:48:56,729 - ERROR - Error processing flight 40780DBAW45EM: TRES results not found for flight 40780DBAW45EM_1682332386
2025-06-17 09:48:56,729 - WARNING - Flight 40780DBAW45EM failed: TRES results not found for flight 40780DBAW45EM_1682332386
2025-06-17 09:48:56,729 - INFO - Processing flight 3472CCIBE3180
2025-06-17 09:48:56,729 - ERROR - Error processing flight 3472CCIBE3180: TRES results not found for flight 3472CCIBE3180_1682780620
2025-06-17 09:48:56,729 - WARNING - Flight 3472CCIBE3180 failed: TRES results not found for flight 3472CCIBE3180_1682780620
2025-06-17 09:48:56,729 - INFO - Processing flight 3472CCIBE31SE
2025-06-17 09:48:56,742 - ERROR - Error processing flight 3472CCIBE31SE: TRES results not found for flight 3472CCIBE31SE_1680442547
2025-06-17 09:48:56,743 - WARNING - Flight 3472CCIBE31SE failed: TRES results not found for flight 3472CCIBE31SE_1680442547
2025-06-17 09:48:56,744 - INFO - Processing flight 346303IBE31ZF
2025-06-17 09:48:56,745 - ERROR - Error processing flight 346303IBE31ZF: TRES results not found for flight 346303IBE31ZF_1681544435
2025-06-17 09:48:56,746 - WARNING - Flight 346303IBE31ZF failed: TRES results not found for flight 346303IBE31ZF_1681544435
2025-06-17 09:48:56,746 - INFO - Processing flight 34660BIBE31HG
2025-06-17 09:48:56,746 - ERROR - Error processing flight 34660BIBE31HG: TRES results not found for flight 34660BIBE31HG_1680970017
2025-06-17 09:48:56,746 - WARNING - Flight 34660BIBE31HG failed: TRES results not found for flight 34660BIBE31HG_1680970017
2025-06-17 09:48:56,746 - INFO - Iteration 81 completed:
2025-06-17 09:48:56,746 - INFO -   - Successful flights: 0/5
2025-06-17 09:48:56,746 - INFO -   - Average log likelihood: nan
2025-06-17 09:48:56,746 - INFO -   - Gradient norm: 0.000000
2025-06-17 09:48:56,746 - INFO -   - Processing time: 0.02s
2025-06-17 09:48:56,746 - INFO - 
--- Iteration 82/100 ---
2025-06-17 09:48:56,751 - INFO - Processing flight 344346IBE31HW
2025-06-17 09:48:56,761 - INFO - Running SVI sequentially for flight 344346IBE31HW (debug mode)
2025-06-17 09:48:56,777 - ERROR - Error processing flight 344346IBE31HW: 'numpy.ndarray' object has no attribute 'to'
2025-06-17 09:48:56,777 - WARNING - Flight 344346IBE31HW failed: 'numpy.ndarray' object has no attribute 'to'
2025-06-17 09:48:56,798 - INFO - Processing flight 345691IBE31FY
2025-06-17 09:48:56,798 - ERROR - Error processing flight 345691IBE31FY: TRES results not found for flight 345691IBE31FY_1680522927
2025-06-17 09:48:56,801 - WARNING - Flight 345691IBE31FY failed: TRES results not found for flight 345691IBE31FY_1680522927
2025-06-17 09:48:56,801 - INFO - Processing flight 346386IBE31VM
2025-06-17 09:48:56,802 - ERROR - Error processing flight 346386IBE31VM: TRES results not found for flight 346386IBE31VM_1681913578
2025-06-17 09:48:56,802 - WARNING - Flight 346386IBE31VM failed: TRES results not found for flight 346386IBE31VM_1681913578
2025-06-17 09:48:56,802 - INFO - Processing flight 40097DBAW457
2025-06-17 09:48:56,803 - ERROR - Error processing flight 40097DBAW457: TRES results not found for flight 40097DBAW457_1682759776
2025-06-17 09:48:56,803 - WARNING - Flight 40097DBAW457 failed: TRES results not found for flight 40097DBAW457_1682759776
2025-06-17 09:48:56,803 - INFO - Processing flight 400982BAW45EM
2025-06-17 09:48:56,803 - ERROR - Error processing flight 400982BAW45EM: TRES results not found for flight 400982BAW45EM_1682678414
2025-06-17 09:48:56,804 - WARNING - Flight 400982BAW45EM failed: TRES results not found for flight 400982BAW45EM_1682678414
2025-06-17 09:48:56,804 - INFO - Iteration 82 completed:
2025-06-17 09:48:56,804 - INFO -   - Successful flights: 0/5
2025-06-17 09:48:56,804 - INFO -   - Average log likelihood: nan
2025-06-17 09:48:56,804 - INFO -   - Gradient norm: 0.000000
2025-06-17 09:48:56,805 - INFO -   - Processing time: 0.06s
2025-06-17 09:48:56,805 - INFO - 
--- Iteration 83/100 ---
2025-06-17 09:48:56,806 - INFO - Processing flight 347344IBE31FY
2025-06-17 09:48:56,806 - ERROR - Error processing flight 347344IBE31FY: TRES results not found for flight 347344IBE31FY_1680955438
2025-06-17 09:48:56,806 - WARNING - Flight 347344IBE31FY failed: TRES results not found for flight 347344IBE31FY_1680955438
2025-06-17 09:48:56,806 - INFO - Processing flight 406B62BAW457
2025-06-17 09:48:56,806 - ERROR - Error processing flight 406B62BAW457: TRES results not found for flight 406B62BAW457_1681550711
2025-06-17 09:48:56,806 - WARNING - Flight 406B62BAW457 failed: TRES results not found for flight 406B62BAW457_1681550711
2025-06-17 09:48:56,806 - INFO - Processing flight 346316IBE3180
2025-06-17 09:48:56,806 - ERROR - Error processing flight 346316IBE3180: TRES results not found for flight 346316IBE3180_1682435864
2025-06-17 09:48:56,806 - WARNING - Flight 346316IBE3180 failed: TRES results not found for flight 346316IBE3180_1682435864
2025-06-17 09:48:56,806 - INFO - Processing flight 346419IBE31VM
2025-06-17 09:48:56,806 - ERROR - Error processing flight 346419IBE31VM: TRES results not found for flight 346419IBE31VM_1681135462
2025-06-17 09:48:56,806 - WARNING - Flight 346419IBE31VM failed: TRES results not found for flight 346419IBE31VM_1681135462
2025-06-17 09:48:56,806 - INFO - Processing flight 347288IBE31FY
2025-06-17 09:48:56,806 - ERROR - Error processing flight 347288IBE31FY: TRES results not found for flight 347288IBE31FY_1680781048
2025-06-17 09:48:56,806 - WARNING - Flight 347288IBE31FY failed: TRES results not found for flight 347288IBE31FY_1680781048
2025-06-17 09:48:56,810 - INFO - Iteration 83 completed:
2025-06-17 09:48:56,810 - INFO -   - Successful flights: 0/5
2025-06-17 09:48:56,810 - INFO -   - Average log likelihood: nan
2025-06-17 09:48:56,810 - INFO -   - Gradient norm: 0.000000
2025-06-17 09:48:56,811 - INFO -   - Processing time: 0.00s
2025-06-17 09:48:56,811 - INFO - 
--- Iteration 84/100 ---
2025-06-17 09:48:56,811 - INFO - Processing flight 346499IBE31FY
2025-06-17 09:48:56,812 - ERROR - Error processing flight 346499IBE31FY: TRES results not found for flight 346499IBE31FY_1682424455
2025-06-17 09:48:56,812 - WARNING - Flight 346499IBE31FY failed: TRES results not found for flight 346499IBE31FY_1682424455
2025-06-17 09:48:56,813 - INFO - Processing flight 4008ADBAW43M
2025-06-17 09:48:56,814 - ERROR - Error processing flight 4008ADBAW43M: TRES results not found for flight 4008ADBAW43M_1680372862
2025-06-17 09:48:56,814 - WARNING - Flight 4008ADBAW43M failed: TRES results not found for flight 4008ADBAW43M_1680372862
2025-06-17 09:48:56,815 - INFO - Processing flight 346419IBE31VM
2025-06-17 09:48:56,815 - ERROR - Error processing flight 346419IBE31VM: TRES results not found for flight 346419IBE31VM_1682606358
2025-06-17 09:48:56,815 - WARNING - Flight 346419IBE31VM failed: TRES results not found for flight 346419IBE31VM_1682606358
2025-06-17 09:48:56,815 - INFO - Processing flight 347219IBE31FY
2025-06-17 09:48:56,815 - ERROR - Error processing flight 347219IBE31FY: TRES results not found for flight 347219IBE31FY_1682769106
2025-06-17 09:48:56,815 - WARNING - Flight 347219IBE31FY failed: TRES results not found for flight 347219IBE31FY_1682769106
2025-06-17 09:48:56,815 - INFO - Processing flight 346316IBE31SE
2025-06-17 09:48:56,815 - ERROR - Error processing flight 346316IBE31SE: TRES results not found for flight 346316IBE31SE_1681395237
2025-06-17 09:48:56,815 - WARNING - Flight 346316IBE31SE failed: TRES results not found for flight 346316IBE31SE_1681395237
2025-06-17 09:48:56,815 - INFO - Iteration 84 completed:
2025-06-17 09:48:56,815 - INFO -   - Successful flights: 0/5
2025-06-17 09:48:56,815 - INFO -   - Average log likelihood: nan
2025-06-17 09:48:56,815 - INFO -   - Gradient norm: 0.000000
2025-06-17 09:48:56,815 - INFO -   - Processing time: 0.00s
2025-06-17 09:48:56,815 - INFO - 
--- Iteration 85/100 ---
2025-06-17 09:48:56,815 - INFO - Processing flight 346499IBE31ZF
2025-06-17 09:48:56,815 - ERROR - Error processing flight 346499IBE31ZF: TRES results not found for flight 346499IBE31ZF_1681802373
2025-06-17 09:48:56,815 - WARNING - Flight 346499IBE31ZF failed: TRES results not found for flight 346499IBE31ZF_1681802373
2025-06-17 09:48:56,815 - INFO - Processing flight 40097DBAW461M
2025-06-17 09:48:56,820 - ERROR - Error processing flight 40097DBAW461M: TRES results not found for flight 40097DBAW461M_1681749066
2025-06-17 09:48:56,820 - WARNING - Flight 40097DBAW461M failed: TRES results not found for flight 40097DBAW461M_1681749066
2025-06-17 09:48:56,820 - INFO - Processing flight 345692IBE3170
2025-06-17 09:48:56,822 - ERROR - Error processing flight 345692IBE3170: TRES results not found for flight 345692IBE3170_1680844589
2025-06-17 09:48:56,822 - WARNING - Flight 345692IBE3170 failed: TRES results not found for flight 345692IBE3170_1680844589
2025-06-17 09:48:56,822 - INFO - Processing flight 346303IBE31ZF
2025-06-17 09:48:56,822 - ERROR - Error processing flight 346303IBE31ZF: TRES results not found for flight 346303IBE31ZF_1681458177
2025-06-17 09:48:56,822 - WARNING - Flight 346303IBE31ZF failed: TRES results not found for flight 346303IBE31ZF_1681458177
2025-06-17 09:48:56,822 - INFO - Processing flight 406A3DBAW457
2025-06-17 09:48:56,822 - ERROR - Error processing flight 406A3DBAW457: TRES results not found for flight 406A3DBAW457_1680684030
2025-06-17 09:48:56,822 - WARNING - Flight 406A3DBAW457 failed: TRES results not found for flight 406A3DBAW457_1680684030
2025-06-17 09:48:56,822 - INFO - Iteration 85 completed:
2025-06-17 09:48:56,823 - INFO -   - Successful flights: 0/5
2025-06-17 09:48:56,823 - INFO -   - Average log likelihood: nan
2025-06-17 09:48:56,823 - INFO -   - Gradient norm: 0.000000
2025-06-17 09:48:56,823 - INFO -   - Processing time: 0.01s
2025-06-17 09:48:56,823 - INFO - 
--- Iteration 86/100 ---
2025-06-17 09:48:56,823 - INFO - Processing flight 347386IBE31VM
2025-06-17 09:48:56,824 - ERROR - Error processing flight 347386IBE31VM: TRES results not found for flight 347386IBE31VM_1681396176
2025-06-17 09:48:56,824 - WARNING - Flight 347386IBE31VM failed: TRES results not found for flight 347386IBE31VM_1681396176
2025-06-17 09:48:56,824 - INFO - Processing flight 400CEBBAW43M
2025-06-17 09:48:56,825 - ERROR - Error processing flight 400CEBBAW43M: TRES results not found for flight 400CEBBAW43M_1681754734
2025-06-17 09:48:56,825 - WARNING - Flight 400CEBBAW43M failed: TRES results not found for flight 400CEBBAW43M_1681754734
2025-06-17 09:48:56,826 - INFO - Processing flight 400942BAW461M
2025-06-17 09:48:56,826 - ERROR - Error processing flight 400942BAW461M: TRES results not found for flight 400942BAW461M_1682264218
2025-06-17 09:48:56,826 - WARNING - Flight 400942BAW461M failed: TRES results not found for flight 400942BAW461M_1682264218
2025-06-17 09:48:56,827 - INFO - Processing flight 4008B4BAW461M
2025-06-17 09:48:56,827 - ERROR - Error processing flight 4008B4BAW461M: TRES results not found for flight 4008B4BAW461M_1681227178
2025-06-17 09:48:56,827 - WARNING - Flight 4008B4BAW461M failed: TRES results not found for flight 4008B4BAW461M_1681227178
2025-06-17 09:48:56,827 - INFO - Processing flight 34660BIBE31HG
2025-06-17 09:48:56,827 - ERROR - Error processing flight 34660BIBE31HG: TRES results not found for flight 34660BIBE31HG_1680451924
2025-06-17 09:48:56,828 - WARNING - Flight 34660BIBE31HG failed: TRES results not found for flight 34660BIBE31HG_1680451924
2025-06-17 09:48:56,828 - INFO - Iteration 86 completed:
2025-06-17 09:48:56,828 - INFO -   - Successful flights: 0/5
2025-06-17 09:48:56,828 - INFO -   - Average log likelihood: nan
2025-06-17 09:48:56,828 - INFO -   - Gradient norm: 0.000000
2025-06-17 09:48:56,829 - INFO -   - Processing time: 0.01s
2025-06-17 09:48:56,829 - INFO - 
--- Iteration 87/100 ---
2025-06-17 09:48:56,831 - INFO - Processing flight 345691IBE31FY
2025-06-17 09:48:56,832 - ERROR - Error processing flight 345691IBE31FY: TRES results not found for flight 345691IBE31FY_1680358417
2025-06-17 09:48:56,832 - WARNING - Flight 345691IBE31FY failed: TRES results not found for flight 345691IBE31FY_1680358417
2025-06-17 09:48:56,833 - INFO - Processing flight 461F6EBAW465M
2025-06-17 09:48:56,833 - ERROR - Error processing flight 461F6EBAW465M: TRES results not found for flight 461F6EBAW465M_1682366949
2025-06-17 09:48:56,834 - WARNING - Flight 461F6EBAW465M failed: TRES results not found for flight 461F6EBAW465M_1682366949
2025-06-17 09:48:56,834 - INFO - Processing flight 34660BIBE31ZF
2025-06-17 09:48:56,835 - ERROR - Error processing flight 34660BIBE31ZF: TRES results not found for flight 34660BIBE31ZF_1680938585
2025-06-17 09:48:56,835 - WARNING - Flight 34660BIBE31ZF failed: TRES results not found for flight 34660BIBE31ZF_1680938585
2025-06-17 09:48:56,835 - INFO - Processing flight 34659AIBE31VM
2025-06-17 09:48:56,835 - ERROR - Error processing flight 34659AIBE31VM: TRES results not found for flight 34659AIBE31VM_1680530627
2025-06-17 09:48:56,835 - WARNING - Flight 34659AIBE31VM failed: TRES results not found for flight 34659AIBE31VM_1680530627
2025-06-17 09:48:56,836 - INFO - Processing flight 346499IBE3170
2025-06-17 09:48:56,836 - ERROR - Error processing flight 346499IBE3170: TRES results not found for flight 346499IBE3170_1681190257
2025-06-17 09:48:56,836 - WARNING - Flight 346499IBE3170 failed: TRES results not found for flight 346499IBE3170_1681190257
2025-06-17 09:48:56,837 - INFO - Iteration 87 completed:
2025-06-17 09:48:56,837 - INFO -   - Successful flights: 0/5
2025-06-17 09:48:56,837 - INFO -   - Average log likelihood: nan
2025-06-17 09:48:56,837 - INFO -   - Gradient norm: 0.000000
2025-06-17 09:48:56,837 - INFO -   - Processing time: 0.01s
2025-06-17 09:48:56,837 - INFO - 
--- Iteration 88/100 ---
2025-06-17 09:48:56,837 - INFO - Processing flight 405A4ABAW43M
2025-06-17 09:48:56,838 - ERROR - Error processing flight 405A4ABAW43M: TRES results not found for flight 405A4ABAW43M_1681149444
2025-06-17 09:48:56,838 - WARNING - Flight 405A4ABAW43M failed: TRES results not found for flight 405A4ABAW43M_1681149444
2025-06-17 09:48:56,838 - INFO - Processing flight 345692IBE3170
2025-06-17 09:48:56,838 - ERROR - Error processing flight 345692IBE3170: TRES results not found for flight 345692IBE3170_1680844589
2025-06-17 09:48:56,838 - WARNING - Flight 345692IBE3170 failed: TRES results not found for flight 345692IBE3170_1680844589
2025-06-17 09:48:56,838 - INFO - Processing flight 347288IBE31SE
2025-06-17 09:48:56,838 - ERROR - Error processing flight 347288IBE31SE: TRES results not found for flight 347288IBE31SE_1681996648
2025-06-17 09:48:56,838 - WARNING - Flight 347288IBE31SE failed: TRES results not found for flight 347288IBE31SE_1681996648
2025-06-17 09:48:56,838 - INFO - Processing flight 3472CCIBE31SE
2025-06-17 09:48:56,838 - ERROR - Error processing flight 3472CCIBE31SE: TRES results not found for flight 3472CCIBE31SE_1680442547
2025-06-17 09:48:56,838 - WARNING - Flight 3472CCIBE31SE failed: TRES results not found for flight 3472CCIBE31SE_1680442547
2025-06-17 09:48:56,838 - INFO - Processing flight 347288IBE31HG
2025-06-17 09:48:56,838 - ERROR - Error processing flight 347288IBE31HG: TRES results not found for flight 347288IBE31HG_1680711049
2025-06-17 09:48:56,838 - WARNING - Flight 347288IBE31HG failed: TRES results not found for flight 347288IBE31HG_1680711049
2025-06-17 09:48:56,838 - INFO - Iteration 88 completed:
2025-06-17 09:48:56,838 - INFO -   - Successful flights: 0/5
2025-06-17 09:48:56,838 - INFO -   - Average log likelihood: nan
2025-06-17 09:48:56,838 - INFO -   - Gradient norm: 0.000000
2025-06-17 09:48:56,842 - INFO -   - Processing time: 0.00s
2025-06-17 09:48:56,842 - INFO - 
--- Iteration 89/100 ---
2025-06-17 09:48:56,842 - INFO - Processing flight 344304IBE31VM
2025-06-17 09:48:56,843 - ERROR - Error processing flight 344304IBE31VM: TRES results not found for flight 344304IBE31VM_1680875819
2025-06-17 09:48:56,844 - WARNING - Flight 344304IBE31VM failed: TRES results not found for flight 344304IBE31VM_1680875819
2025-06-17 09:48:56,844 - INFO - Processing flight 346316IBE31FY
2025-06-17 09:48:56,844 - ERROR - Error processing flight 346316IBE31FY: TRES results not found for flight 346316IBE31FY_1681559848
2025-06-17 09:48:56,845 - WARNING - Flight 346316IBE31FY failed: TRES results not found for flight 346316IBE31FY_1681559848
2025-06-17 09:48:56,845 - INFO - Processing flight 347453IBE31FY
2025-06-17 09:48:56,846 - ERROR - Error processing flight 347453IBE31FY: TRES results not found for flight 347453IBE31FY_1681127257
2025-06-17 09:48:56,846 - WARNING - Flight 347453IBE31FY failed: TRES results not found for flight 347453IBE31FY_1681127257
2025-06-17 09:48:56,846 - INFO - Processing flight 406A3DBAW457
2025-06-17 09:48:56,848 - ERROR - Error processing flight 406A3DBAW457: TRES results not found for flight 406A3DBAW457_1680684030
2025-06-17 09:48:56,848 - WARNING - Flight 406A3DBAW457 failed: TRES results not found for flight 406A3DBAW457_1680684030
2025-06-17 09:48:56,849 - INFO - Processing flight 347453IBE3180
2025-06-17 09:48:56,849 - ERROR - Error processing flight 347453IBE3180: TRES results not found for flight 347453IBE3180_1682262358
2025-06-17 09:48:56,851 - WARNING - Flight 347453IBE3180 failed: TRES results not found for flight 347453IBE3180_1682262358
2025-06-17 09:48:56,851 - INFO - Iteration 89 completed:
2025-06-17 09:48:56,851 - INFO -   - Successful flights: 0/5
2025-06-17 09:48:56,851 - INFO -   - Average log likelihood: nan
2025-06-17 09:48:56,851 - INFO -   - Gradient norm: 0.000000
2025-06-17 09:48:56,851 - INFO -   - Processing time: 0.01s
2025-06-17 09:48:56,851 - INFO - 
--- Iteration 90/100 ---
2025-06-17 09:48:56,852 - INFO - Processing flight 347288IBE31SE
2025-06-17 09:48:56,852 - ERROR - Error processing flight 347288IBE31SE: TRES results not found for flight 347288IBE31SE_1681564614
2025-06-17 09:48:56,852 - WARNING - Flight 347288IBE31SE failed: TRES results not found for flight 347288IBE31SE_1681564614
2025-06-17 09:48:56,852 - INFO - Processing flight 346499IBE31HG
2025-06-17 09:48:56,853 - ERROR - Error processing flight 346499IBE31HG: TRES results not found for flight 346499IBE31HG_1681574878
2025-06-17 09:48:56,853 - WARNING - Flight 346499IBE31HG failed: TRES results not found for flight 346499IBE31HG_1681574878
2025-06-17 09:48:56,853 - INFO - Processing flight 345691IBE3170
2025-06-17 09:48:56,853 - ERROR - Error processing flight 345691IBE3170: TRES results not found for flight 345691IBE3170_1680330658
2025-06-17 09:48:56,853 - WARNING - Flight 345691IBE3170 failed: TRES results not found for flight 345691IBE3170_1680330658
2025-06-17 09:48:56,853 - INFO - Processing flight 346303IBE3180
2025-06-17 09:48:56,855 - ERROR - Error processing flight 346303IBE3180: TRES results not found for flight 346303IBE3180_1680620915
2025-06-17 09:48:56,855 - WARNING - Flight 346303IBE3180 failed: TRES results not found for flight 346303IBE3180_1680620915
2025-06-17 09:48:56,855 - INFO - Processing flight 400A0EBAW461M
2025-06-17 09:48:56,855 - ERROR - Error processing flight 400A0EBAW461M: TRES results not found for flight 400A0EBAW461M_1682610856
2025-06-17 09:48:56,855 - WARNING - Flight 400A0EBAW461M failed: TRES results not found for flight 400A0EBAW461M_1682610856
2025-06-17 09:48:56,855 - INFO - Iteration 90 completed:
2025-06-17 09:48:56,855 - INFO -   - Successful flights: 0/5
2025-06-17 09:48:56,855 - INFO -   - Average log likelihood: nan
2025-06-17 09:48:56,855 - INFO -   - Gradient norm: 0.000000
2025-06-17 09:48:56,855 - INFO -   - Processing time: 0.00s
2025-06-17 09:48:56,895 - INFO - Checkpoint saved to data/cases/LEMD_EGLL\batch_sgd_results\checkpoint_iter_90.pt
2025-06-17 09:48:56,895 - INFO - 
--- Iteration 91/100 ---
2025-06-17 09:48:56,895 - INFO - Processing flight 346303IBE3180
2025-06-17 09:48:56,902 - ERROR - Error processing flight 346303IBE3180: TRES results not found for flight 346303IBE3180_1680620915
2025-06-17 09:48:56,902 - WARNING - Flight 346303IBE3180 failed: TRES results not found for flight 346303IBE3180_1680620915
2025-06-17 09:48:56,902 - INFO - Processing flight 461F6DBAW45EM
2025-06-17 09:48:56,902 - ERROR - Error processing flight 461F6DBAW45EM: TRES results not found for flight 461F6DBAW45EM_1681899866
2025-06-17 09:48:56,902 - WARNING - Flight 461F6DBAW45EM failed: TRES results not found for flight 461F6DBAW45EM_1681899866
2025-06-17 09:48:56,905 - INFO - Processing flight 406532BAW457
2025-06-17 09:48:56,905 - ERROR - Error processing flight 406532BAW457: TRES results not found for flight 406532BAW457_1682242798
2025-06-17 09:48:56,905 - WARNING - Flight 406532BAW457 failed: TRES results not found for flight 406532BAW457_1682242798
2025-06-17 09:48:56,906 - INFO - Processing flight 347287IBE31ZF
2025-06-17 09:48:56,907 - ERROR - Error processing flight 347287IBE31ZF: TRES results not found for flight 347287IBE31ZF_1680334884
2025-06-17 09:48:56,907 - WARNING - Flight 347287IBE31ZF failed: TRES results not found for flight 347287IBE31ZF_1680334884
2025-06-17 09:48:56,907 - INFO - Processing flight 344346IBE31VM
2025-06-17 09:48:56,927 - INFO - Running SVI sequentially for flight 344346IBE31VM (debug mode)
2025-06-17 09:48:56,946 - ERROR - Error processing flight 344346IBE31VM: 'numpy.ndarray' object has no attribute 'to'
2025-06-17 09:48:56,946 - WARNING - Flight 344346IBE31VM failed: 'numpy.ndarray' object has no attribute 'to'
2025-06-17 09:48:56,947 - INFO - Iteration 91 completed:
2025-06-17 09:48:56,947 - INFO -   - Successful flights: 0/5
2025-06-17 09:48:56,949 - INFO -   - Average log likelihood: nan
2025-06-17 09:48:56,949 - INFO -   - Gradient norm: 0.000000
2025-06-17 09:48:56,949 - INFO -   - Processing time: 0.05s
2025-06-17 09:48:56,949 - INFO - 
--- Iteration 92/100 ---
2025-06-17 09:48:56,951 - INFO - Processing flight 40697CBAW43M
2025-06-17 09:48:56,951 - ERROR - Error processing flight 40697CBAW43M: TRES results not found for flight 40697CBAW43M_1682788155
2025-06-17 09:48:56,955 - WARNING - Flight 40697CBAW43M failed: TRES results not found for flight 40697CBAW43M_1682788155
2025-06-17 09:48:56,955 - INFO - Processing flight 400AFFBAW45EM
2025-06-17 09:48:56,956 - ERROR - Error processing flight 400AFFBAW45EM: TRES results not found for flight 400AFFBAW45EM_1681986306
2025-06-17 09:48:56,956 - WARNING - Flight 400AFFBAW45EM failed: TRES results not found for flight 400AFFBAW45EM_1681986306
2025-06-17 09:48:56,956 - INFO - Processing flight 40097EBAW461M
2025-06-17 09:48:56,957 - ERROR - Error processing flight 40097EBAW461M: TRES results not found for flight 40097EBAW461M_1681141110
2025-06-17 09:48:56,957 - WARNING - Flight 40097EBAW461M failed: TRES results not found for flight 40097EBAW461M_1681141110
2025-06-17 09:48:56,958 - INFO - Processing flight 344345IBE31HW
2025-06-17 09:48:56,977 - INFO - Running SVI sequentially for flight 344345IBE31HW (debug mode)
2025-06-17 09:48:56,996 - ERROR - Error processing flight 344345IBE31HW: 'numpy.ndarray' object has no attribute 'to'
2025-06-17 09:48:56,997 - WARNING - Flight 344345IBE31HW failed: 'numpy.ndarray' object has no attribute 'to'
2025-06-17 09:48:57,001 - INFO - Processing flight 347453IBE3180
2025-06-17 09:48:57,004 - ERROR - Error processing flight 347453IBE3180: TRES results not found for flight 347453IBE3180_1680966058
2025-06-17 09:48:57,004 - WARNING - Flight 347453IBE3180 failed: TRES results not found for flight 347453IBE3180_1680966058
2025-06-17 09:48:57,004 - INFO - Iteration 92 completed:
2025-06-17 09:48:57,005 - INFO -   - Successful flights: 0/5
2025-06-17 09:48:57,005 - INFO -   - Average log likelihood: nan
2025-06-17 09:48:57,005 - INFO -   - Gradient norm: 0.000000
2025-06-17 09:48:57,005 - INFO -   - Processing time: 0.05s
2025-06-17 09:48:57,005 - INFO - 
--- Iteration 93/100 ---
2025-06-17 09:48:57,006 - INFO - Processing flight 346499IBE31ZF
2025-06-17 09:48:57,006 - ERROR - Error processing flight 346499IBE31ZF: TRES results not found for flight 346499IBE31ZF_1681285107
2025-06-17 09:48:57,007 - WARNING - Flight 346499IBE31ZF failed: TRES results not found for flight 346499IBE31ZF_1681285107
2025-06-17 09:48:57,007 - INFO - Processing flight 40697CBAW43M
2025-06-17 09:48:57,007 - ERROR - Error processing flight 40697CBAW43M: TRES results not found for flight 40697CBAW43M_1682788155
2025-06-17 09:48:57,007 - WARNING - Flight 40697CBAW43M failed: TRES results not found for flight 40697CBAW43M_1682788155
2025-06-17 09:48:57,008 - INFO - Processing flight 347453IBE31SE
2025-06-17 09:48:57,008 - ERROR - Error processing flight 347453IBE31SE: TRES results not found for flight 347453IBE31SE_1681305920
2025-06-17 09:48:57,009 - WARNING - Flight 347453IBE31SE failed: TRES results not found for flight 347453IBE31SE_1681305920
2025-06-17 09:48:57,010 - INFO - Processing flight 3472CCIBE31FY
2025-06-17 09:48:57,011 - ERROR - Error processing flight 3472CCIBE31FY: TRES results not found for flight 3472CCIBE31FY_1682856040
2025-06-17 09:48:57,011 - WARNING - Flight 3472CCIBE31FY failed: TRES results not found for flight 3472CCIBE31FY_1682856040
2025-06-17 09:48:57,011 - INFO - Processing flight 400960BAW457
2025-06-17 09:48:57,011 - ERROR - Error processing flight 400960BAW457: TRES results not found for flight 400960BAW457_1681202507
2025-06-17 09:48:57,012 - WARNING - Flight 400960BAW457 failed: TRES results not found for flight 400960BAW457_1681202507
2025-06-17 09:48:57,012 - INFO - Iteration 93 completed:
2025-06-17 09:48:57,014 - INFO -   - Successful flights: 0/5
2025-06-17 09:48:57,014 - INFO -   - Average log likelihood: nan
2025-06-17 09:48:57,014 - INFO -   - Gradient norm: 0.000000
2025-06-17 09:48:57,015 - INFO -   - Processing time: 0.01s
2025-06-17 09:48:57,015 - INFO - 
--- Iteration 94/100 ---
2025-06-17 09:48:57,016 - INFO - Processing flight 346045IBE31VM
2025-06-17 09:48:57,016 - ERROR - Error processing flight 346045IBE31VM: TRES results not found for flight 346045IBE31VM_1682863821
2025-06-17 09:48:57,016 - WARNING - Flight 346045IBE31VM failed: TRES results not found for flight 346045IBE31VM_1682863821
2025-06-17 09:48:57,016 - INFO - Processing flight 3472CCIBE31FY
2025-06-17 09:48:57,016 - ERROR - Error processing flight 3472CCIBE31FY: TRES results not found for flight 3472CCIBE31FY_1682856040
2025-06-17 09:48:57,016 - WARNING - Flight 3472CCIBE31FY failed: TRES results not found for flight 3472CCIBE31FY_1682856040
2025-06-17 09:48:57,016 - INFO - Processing flight 405EE0BAW457
2025-06-17 09:48:57,016 - ERROR - Error processing flight 405EE0BAW457: TRES results not found for flight 405EE0BAW457_1681637732
2025-06-17 09:48:57,020 - WARNING - Flight 405EE0BAW457 failed: TRES results not found for flight 405EE0BAW457_1681637732
2025-06-17 09:48:57,020 - INFO - Processing flight 34660BIBE31ZF
2025-06-17 09:48:57,020 - ERROR - Error processing flight 34660BIBE31ZF: TRES results not found for flight 34660BIBE31ZF_1680938585
2025-06-17 09:48:57,021 - WARNING - Flight 34660BIBE31ZF failed: TRES results not found for flight 34660BIBE31ZF_1680938585
2025-06-17 09:48:57,021 - INFO - Processing flight 347287IBE31ZF
2025-06-17 09:48:57,021 - ERROR - Error processing flight 347287IBE31ZF: TRES results not found for flight 347287IBE31ZF_1680334884
2025-06-17 09:48:57,021 - WARNING - Flight 347287IBE31ZF failed: TRES results not found for flight 347287IBE31ZF_1680334884
2025-06-17 09:48:57,021 - INFO - Iteration 94 completed:
2025-06-17 09:48:57,022 - INFO -   - Successful flights: 0/5
2025-06-17 09:48:57,022 - INFO -   - Average log likelihood: nan
2025-06-17 09:48:57,022 - INFO -   - Gradient norm: 0.000000
2025-06-17 09:48:57,022 - INFO -   - Processing time: 0.01s
2025-06-17 09:48:57,022 - INFO - 
--- Iteration 95/100 ---
2025-06-17 09:48:57,022 - INFO - Processing flight 347288IBE31SE
2025-06-17 09:48:57,023 - ERROR - Error processing flight 347288IBE31SE: TRES results not found for flight 347288IBE31SE_1681996648
2025-06-17 09:48:57,023 - WARNING - Flight 347288IBE31SE failed: TRES results not found for flight 347288IBE31SE_1681996648
2025-06-17 09:48:57,023 - INFO - Processing flight 345691IBE3180
2025-06-17 09:48:57,024 - ERROR - Error processing flight 345691IBE3180: TRES results not found for flight 345691IBE3180_1680880678
2025-06-17 09:48:57,024 - WARNING - Flight 345691IBE3180 failed: TRES results not found for flight 345691IBE3180_1680880678
2025-06-17 09:48:57,024 - INFO - Processing flight 346316IBE3180
2025-06-17 09:48:57,024 - ERROR - Error processing flight 346316IBE3180: TRES results not found for flight 346316IBE3180_1682435864
2025-06-17 09:48:57,024 - WARNING - Flight 346316IBE3180 failed: TRES results not found for flight 346316IBE3180_1682435864
2025-06-17 09:48:57,024 - INFO - Processing flight 407534BAW43M
2025-06-17 09:48:57,024 - ERROR - Error processing flight 407534BAW43M: TRES results not found for flight 407534BAW43M_1680890338
2025-06-17 09:48:57,027 - WARNING - Flight 407534BAW43M failed: TRES results not found for flight 407534BAW43M_1680890338
2025-06-17 09:48:57,027 - INFO - Processing flight 347219IBE31HG
2025-06-17 09:48:57,027 - ERROR - Error processing flight 347219IBE31HG: TRES results not found for flight 347219IBE31HG_1682701018
2025-06-17 09:48:57,027 - WARNING - Flight 347219IBE31HG failed: TRES results not found for flight 347219IBE31HG_1682701018
2025-06-17 09:48:57,027 - INFO - Iteration 95 completed:
2025-06-17 09:48:57,027 - INFO -   - Successful flights: 0/5
2025-06-17 09:48:57,027 - INFO -   - Average log likelihood: nan
2025-06-17 09:48:57,027 - INFO -   - Gradient norm: 0.000000
2025-06-17 09:48:57,027 - INFO -   - Processing time: 0.00s
2025-06-17 09:48:57,030 - INFO - 
--- Iteration 96/100 ---
2025-06-17 09:48:57,031 - INFO - Processing flight 346458IBE0042
2025-06-17 09:48:57,032 - ERROR - Error processing flight 346458IBE0042: TRES results not found for flight 346458IBE0042_1681739967
2025-06-17 09:48:57,032 - WARNING - Flight 346458IBE0042 failed: TRES results not found for flight 346458IBE0042_1681739967
2025-06-17 09:48:57,033 - INFO - Processing flight 405A4ABAW457
2025-06-17 09:48:57,033 - ERROR - Error processing flight 405A4ABAW457: TRES results not found for flight 405A4ABAW457_1682584979
2025-06-17 09:48:57,033 - WARNING - Flight 405A4ABAW457 failed: TRES results not found for flight 405A4ABAW457_1682584979
2025-06-17 09:48:57,033 - INFO - Processing flight 3472CCIBE31FY
2025-06-17 09:48:57,034 - ERROR - Error processing flight 3472CCIBE31FY: TRES results not found for flight 3472CCIBE31FY_1682856040
2025-06-17 09:48:57,034 - WARNING - Flight 3472CCIBE31FY failed: TRES results not found for flight 3472CCIBE31FY_1682856040
2025-06-17 09:48:57,034 - INFO - Processing flight 345691IBE3180
2025-06-17 09:48:57,034 - ERROR - Error processing flight 345691IBE3180: TRES results not found for flight 345691IBE3180_1681743933
2025-06-17 09:48:57,034 - WARNING - Flight 345691IBE3180 failed: TRES results not found for flight 345691IBE3180_1681743933
2025-06-17 09:48:57,034 - INFO - Processing flight 40624EBAW461M
2025-06-17 09:48:57,034 - ERROR - Error processing flight 40624EBAW461M: TRES results not found for flight 40624EBAW461M_1682436517
2025-06-17 09:48:57,034 - WARNING - Flight 40624EBAW461M failed: TRES results not found for flight 40624EBAW461M_1682436517
2025-06-17 09:48:57,034 - INFO - Iteration 96 completed:
2025-06-17 09:48:57,034 - INFO -   - Successful flights: 0/5
2025-06-17 09:48:57,034 - INFO -   - Average log likelihood: nan
2025-06-17 09:48:57,034 - INFO -   - Gradient norm: 0.000000
2025-06-17 09:48:57,034 - INFO -   - Processing time: 0.00s
2025-06-17 09:48:57,034 - INFO - 
--- Iteration 97/100 ---
2025-06-17 09:48:57,034 - INFO - Processing flight 347388IBE31VM
2025-06-17 09:48:57,034 - ERROR - Error processing flight 347388IBE31VM: TRES results not found for flight 347388IBE31VM_1680791185
2025-06-17 09:48:57,034 - WARNING - Flight 347388IBE31VM failed: TRES results not found for flight 347388IBE31VM_1680791185
2025-06-17 09:48:57,034 - INFO - Processing flight 347344IBE31HG
2025-06-17 09:48:57,034 - ERROR - Error processing flight 347344IBE31HG: TRES results not found for flight 347344IBE31HG_1680884458
2025-06-17 09:48:57,034 - WARNING - Flight 347344IBE31HG failed: TRES results not found for flight 347344IBE31HG_1680884458
2025-06-17 09:48:57,034 - INFO - Processing flight 347219IBE31HG
2025-06-17 09:48:57,040 - ERROR - Error processing flight 347219IBE31HG: TRES results not found for flight 347219IBE31HG_1682266738
2025-06-17 09:48:57,040 - WARNING - Flight 347219IBE31HG failed: TRES results not found for flight 347219IBE31HG_1682266738
2025-06-17 09:48:57,040 - INFO - Processing flight 401240BAW45EM
2025-06-17 09:48:57,041 - ERROR - Error processing flight 401240BAW45EM: TRES results not found for flight 401240BAW45EM_1680778974
2025-06-17 09:48:57,041 - WARNING - Flight 401240BAW45EM failed: TRES results not found for flight 401240BAW45EM_1680778974
2025-06-17 09:48:57,041 - INFO - Processing flight 344345IBE31HW
2025-06-17 09:48:57,060 - INFO - Running SVI sequentially for flight 344345IBE31HW (debug mode)
2025-06-17 09:48:57,077 - ERROR - Error processing flight 344345IBE31HW: 'numpy.ndarray' object has no attribute 'to'
2025-06-17 09:48:57,078 - WARNING - Flight 344345IBE31HW failed: 'numpy.ndarray' object has no attribute 'to'
2025-06-17 09:48:57,079 - INFO - Iteration 97 completed:
2025-06-17 09:48:57,080 - INFO -   - Successful flights: 0/5
2025-06-17 09:48:57,080 - INFO -   - Average log likelihood: nan
2025-06-17 09:48:57,080 - INFO -   - Gradient norm: 0.000000
2025-06-17 09:48:57,081 - INFO -   - Processing time: 0.04s
2025-06-17 09:48:57,081 - INFO - 
--- Iteration 98/100 ---
2025-06-17 09:48:57,083 - INFO - Processing flight 344345IBE31HW
2025-06-17 09:48:57,094 - INFO - Running SVI sequentially for flight 344345IBE31HW (debug mode)
2025-06-17 09:48:57,125 - ERROR - Error processing flight 344345IBE31HW: 'numpy.ndarray' object has no attribute 'to'
2025-06-17 09:48:57,126 - WARNING - Flight 344345IBE31HW failed: 'numpy.ndarray' object has no attribute 'to'
2025-06-17 09:48:57,131 - INFO - Processing flight 407D74BAW465M
2025-06-17 09:48:57,132 - ERROR - Error processing flight 407D74BAW465M: TRES results not found for flight 407D74BAW465M_1681671312
2025-06-17 09:48:57,133 - WARNING - Flight 407D74BAW465M failed: TRES results not found for flight 407D74BAW465M_1681671312
2025-06-17 09:48:57,133 - INFO - Processing flight 40093FBAW43M
2025-06-17 09:48:57,134 - ERROR - Error processing flight 40093FBAW43M: TRES results not found for flight 40093FBAW43M_1682270818
2025-06-17 09:48:57,134 - WARNING - Flight 40093FBAW43M failed: TRES results not found for flight 40093FBAW43M_1682270818
2025-06-17 09:48:57,134 - INFO - Processing flight 347287IBE31FY
2025-06-17 09:48:57,134 - ERROR - Error processing flight 347287IBE31FY: TRES results not found for flight 347287IBE31FY_1681904725
2025-06-17 09:48:57,136 - WARNING - Flight 347287IBE31FY failed: TRES results not found for flight 347287IBE31FY_1681904725
2025-06-17 09:48:57,136 - INFO - Processing flight 461F69BAW43M
2025-06-17 09:48:57,136 - ERROR - Error processing flight 461F69BAW43M: TRES results not found for flight 461F69BAW43M_1681409061
2025-06-17 09:48:57,136 - WARNING - Flight 461F69BAW43M failed: TRES results not found for flight 461F69BAW43M_1681409061
2025-06-17 09:48:57,137 - INFO - Iteration 98 completed:
2025-06-17 09:48:57,137 - INFO -   - Successful flights: 0/5
2025-06-17 09:48:57,137 - INFO -   - Average log likelihood: nan
2025-06-17 09:48:57,137 - INFO -   - Gradient norm: 0.000000
2025-06-17 09:48:57,137 - INFO -   - Processing time: 0.06s
2025-06-17 09:48:57,137 - INFO - 
--- Iteration 99/100 ---
2025-06-17 09:48:57,138 - INFO - Processing flight 346146IBE31VM
2025-06-17 09:48:57,138 - ERROR - Error processing flight 346146IBE31VM: TRES results not found for flight 346146IBE31VM_1682345158
2025-06-17 09:48:57,139 - WARNING - Flight 346146IBE31VM failed: TRES results not found for flight 346146IBE31VM_1682345158
2025-06-17 09:48:57,139 - INFO - Processing flight 347219IBE3170
2025-06-17 09:48:57,139 - ERROR - Error processing flight 347219IBE3170: TRES results not found for flight 347219IBE3170_1682313030
2025-06-17 09:48:57,139 - WARNING - Flight 347219IBE3170 failed: TRES results not found for flight 347219IBE3170_1682313030
2025-06-17 09:48:57,140 - INFO - Processing flight 4009C7BAW43M
2025-06-17 09:48:57,140 - ERROR - Error processing flight 4009C7BAW43M: TRES results not found for flight 4009C7BAW43M_1680719006
2025-06-17 09:48:57,140 - WARNING - Flight 4009C7BAW43M failed: TRES results not found for flight 4009C7BAW43M_1680719006
2025-06-17 09:48:57,140 - INFO - Processing flight 346499IBE31HG
2025-06-17 09:48:57,141 - ERROR - Error processing flight 346499IBE31HG: TRES results not found for flight 346499IBE31HG_1682611887
2025-06-17 09:48:57,141 - WARNING - Flight 346499IBE31HG failed: TRES results not found for flight 346499IBE31HG_1682611887
2025-06-17 09:48:57,141 - INFO - Processing flight 347453IBE31ZF
2025-06-17 09:48:57,141 - ERROR - Error processing flight 347453IBE31ZF: TRES results not found for flight 347453IBE31ZF_1680679480
2025-06-17 09:48:57,141 - WARNING - Flight 347453IBE31ZF failed: TRES results not found for flight 347453IBE31ZF_1680679480
2025-06-17 09:48:57,142 - INFO - Iteration 99 completed:
2025-06-17 09:48:57,142 - INFO -   - Successful flights: 0/5
2025-06-17 09:48:57,142 - INFO -   - Average log likelihood: nan
2025-06-17 09:48:57,142 - INFO -   - Gradient norm: 0.000000
2025-06-17 09:48:57,142 - INFO -   - Processing time: 0.00s
2025-06-17 09:48:57,142 - INFO - 
--- Iteration 100/100 ---
2025-06-17 09:48:57,142 - INFO - Processing flight 4076E2BAW45EM
2025-06-17 09:48:57,143 - ERROR - Error processing flight 4076E2BAW45EM: TRES results not found for flight 4076E2BAW45EM_1681381769
2025-06-17 09:48:57,143 - WARNING - Flight 4076E2BAW45EM failed: TRES results not found for flight 4076E2BAW45EM_1681381769
2025-06-17 09:48:57,144 - INFO - Processing flight 346303IBE31ZF
2025-06-17 09:48:57,144 - ERROR - Error processing flight 346303IBE31ZF: TRES results not found for flight 346303IBE31ZF_1681458177
2025-06-17 09:48:57,144 - WARNING - Flight 346303IBE31ZF failed: TRES results not found for flight 346303IBE31ZF_1681458177
2025-06-17 09:48:57,144 - INFO - Processing flight 400982BAW45EM
2025-06-17 09:48:57,144 - ERROR - Error processing flight 400982BAW45EM: TRES results not found for flight 400982BAW45EM_1682678414
2025-06-17 09:48:57,144 - WARNING - Flight 400982BAW45EM failed: TRES results not found for flight 400982BAW45EM_1682678414
2025-06-17 09:48:57,144 - INFO - Processing flight 345692IBE31FY
2025-06-17 09:48:57,144 - ERROR - Error processing flight 345692IBE31FY: TRES results not found for flight 345692IBE31FY_1680867811
2025-06-17 09:48:57,144 - WARNING - Flight 345692IBE31FY failed: TRES results not found for flight 345692IBE31FY_1680867811
2025-06-17 09:48:57,144 - INFO - Processing flight 347453IBE3180
2025-06-17 09:48:57,149 - ERROR - Error processing flight 347453IBE3180: TRES results not found for flight 347453IBE3180_1680966058
2025-06-17 09:48:57,149 - WARNING - Flight 347453IBE3180 failed: TRES results not found for flight 347453IBE3180_1680966058
2025-06-17 09:48:57,149 - INFO - Iteration 100 completed:
2025-06-17 09:48:57,149 - INFO -   - Successful flights: 0/5
2025-06-17 09:48:57,149 - INFO -   - Average log likelihood: nan
2025-06-17 09:48:57,150 - INFO -   - Gradient norm: 0.000000
2025-06-17 09:48:57,150 - INFO -   - Processing time: 0.01s
2025-06-17 09:48:57,184 - INFO - Checkpoint saved to data/cases/LEMD_EGLL\batch_sgd_results\checkpoint_iter_100.pt
2025-06-17 09:48:57,234 - INFO - Training completed after 100 iterations
2025-06-17 09:48:57,234 - INFO - Final results saved to data/cases/LEMD_EGLL\batch_sgd_results\final_results.pt
2025-06-17 09:48:57,234 - INFO - Pipeline completed successfully!
2025-06-17 09:48:57,234 - INFO - Model did not converge within the maximum iterations.
2025-06-17 09:56:04,143 - INFO - Validating batch SGD pipeline implementation...
2025-06-17 09:56:04,160 - INFO - Starting Batch SGD Pipeline for Maximum Entropy Inverse Learning
2025-06-17 09:56:04,164 - INFO - Loading configuration from data/cases/LEMD_EGLL\default.yaml
2025-06-17 09:56:07,561 - INFO - Using device: cpu
2025-06-17 09:56:07,561 - INFO - Cost model has 320361 trainable parameters
2025-06-17 09:56:07,577 - INFO - Loaded 315 flights from data/cases/LEMD_EGLL\all_routes.csv
2025-06-17 09:56:07,577 - INFO - Starting main training loop
2025-06-17 09:56:07,577 - INFO - 
--- Iteration 1/100 ---
2025-06-17 09:56:07,588 - INFO - Processing flight 400AFFBAW43M
2025-06-17 10:36:24,180 - INFO - Validating batch SGD pipeline implementation...
2025-06-17 10:36:24,193 - INFO - Starting Batch SGD Pipeline for Maximum Entropy Inverse Learning
2025-06-17 10:36:24,194 - INFO - Loading configuration from data/cases/LEMD_EGLL\default.yaml
2025-06-17 10:36:27,744 - INFO - Using device: cpu
2025-06-17 10:36:27,744 - INFO - Cost model has 320361 trainable parameters
2025-06-17 10:36:27,744 - INFO - Loading flights from data/cases/LEMD_EGLL\all_routes.csv and creating batches...
2025-06-17 10:36:27,766 - INFO - Created 63 batches of flights.
2025-06-17 10:36:27,766 - INFO - Starting main training loop
2025-06-17 10:36:27,766 - INFO - 
--- Iteration 1/100 ---
2025-06-17 10:36:27,766 - INFO - Processing batch 1/63 with 5 flights
2025-06-17 10:36:27,766 - INFO - Processing flight 344344IBE31HW
2025-06-17 10:36:27,823 - INFO - Running SVI sequentially for flight 344344IBE31HW (debug mode)
2025-06-17 10:36:27,848 - ERROR - Error processing flight 344344IBE31HW: 'numpy.ndarray' object has no attribute 'to'
2025-06-17 10:36:27,848 - WARNING - Flight 344344IBE31HW failed: 'numpy.ndarray' object has no attribute 'to'
2025-06-17 10:36:27,848 - INFO - Processing flight 345691IBE3170
2025-06-17 10:36:27,892 - INFO - Running SVI sequentially for flight 345691IBE3170 (debug mode)
2025-06-17 10:36:27,910 - ERROR - Error processing flight 345691IBE3170: 'numpy.ndarray' object has no attribute 'to'
2025-06-17 10:36:27,921 - WARNING - Flight 345691IBE3170 failed: 'numpy.ndarray' object has no attribute 'to'
2025-06-17 10:36:27,927 - INFO - Processing flight 345691IBE31FY
2025-06-17 10:36:27,971 - INFO - Running SVI sequentially for flight 345691IBE31FY (debug mode)
2025-06-17 10:36:27,989 - ERROR - Error processing flight 345691IBE31FY: 'numpy.ndarray' object has no attribute 'to'
2025-06-17 10:36:27,990 - WARNING - Flight 345691IBE31FY failed: 'numpy.ndarray' object has no attribute 'to'
2025-06-17 10:36:27,995 - INFO - Processing flight 346147IBE31SE
2025-06-17 10:36:28,039 - INFO - Running SVI sequentially for flight 346147IBE31SE (debug mode)
2025-06-17 10:36:28,060 - ERROR - Error processing flight 346147IBE31SE: 'numpy.ndarray' object has no attribute 'to'
2025-06-17 10:36:28,060 - WARNING - Flight 346147IBE31SE failed: 'numpy.ndarray' object has no attribute 'to'
2025-06-17 10:36:28,060 - INFO - Processing flight 346386IBE31VM
2025-06-17 10:36:28,110 - INFO - Running SVI sequentially for flight 346386IBE31VM (debug mode)
2025-06-17 10:36:28,128 - ERROR - Error processing flight 346386IBE31VM: 'numpy.ndarray' object has no attribute 'to'
2025-06-17 10:36:28,128 - WARNING - Flight 346386IBE31VM failed: 'numpy.ndarray' object has no attribute 'to'
2025-06-17 10:36:28,128 - INFO - Iteration 1 completed:
2025-06-17 10:36:28,128 - INFO -   - Successful flights: 0/5
2025-06-17 10:36:28,128 - INFO -   - Average log likelihood: nan
2025-06-17 10:36:28,128 - INFO -   - Gradient norm: 0.000000
2025-06-17 10:36:28,128 - INFO -   - Processing time: 0.36s
2025-06-17 10:36:28,128 - INFO - 
--- Iteration 2/100 ---
2025-06-17 10:36:28,128 - INFO - Processing batch 2/63 with 5 flights
2025-06-17 10:36:28,134 - INFO - Processing flight 346458IBE31HG
2025-06-17 10:36:28,173 - INFO - Running SVI sequentially for flight 346458IBE31HG (debug mode)
2025-06-17 10:36:28,195 - ERROR - Error processing flight 346458IBE31HG: 'numpy.ndarray' object has no attribute 'to'
2025-06-17 10:36:28,195 - WARNING - Flight 346458IBE31HG failed: 'numpy.ndarray' object has no attribute 'to'
2025-06-17 10:36:28,195 - INFO - Processing flight 34660BIBE3180
2025-06-17 10:36:28,251 - INFO - Running SVI sequentially for flight 34660BIBE3180 (debug mode)
2025-06-17 10:36:28,267 - ERROR - Error processing flight 34660BIBE3180: 'numpy.ndarray' object has no attribute 'to'
2025-06-17 10:36:28,267 - WARNING - Flight 34660BIBE3180 failed: 'numpy.ndarray' object has no attribute 'to'
2025-06-17 10:36:28,271 - INFO - Processing flight 347287IBE31ZF
2025-06-17 10:36:28,308 - INFO - Running SVI sequentially for flight 347287IBE31ZF (debug mode)
2025-06-17 10:36:28,323 - ERROR - Error processing flight 347287IBE31ZF: 'numpy.ndarray' object has no attribute 'to'
2025-06-17 10:36:28,323 - WARNING - Flight 347287IBE31ZF failed: 'numpy.ndarray' object has no attribute 'to'
2025-06-17 10:36:28,341 - INFO - Processing flight 4008ADBAW43M
2025-06-17 10:36:28,391 - INFO - Running SVI sequentially for flight 4008ADBAW43M (debug mode)
2025-06-17 10:36:28,410 - ERROR - Error processing flight 4008ADBAW43M: 'numpy.ndarray' object has no attribute 'to'
2025-06-17 10:36:28,411 - WARNING - Flight 4008ADBAW43M failed: 'numpy.ndarray' object has no attribute 'to'
2025-06-17 10:36:28,411 - INFO - Processing flight 40697CBAW457
2025-06-17 10:36:28,456 - INFO - Running SVI sequentially for flight 40697CBAW457 (debug mode)
2025-06-17 10:36:28,478 - ERROR - Error processing flight 40697CBAW457: 'numpy.ndarray' object has no attribute 'to'
2025-06-17 10:36:28,478 - WARNING - Flight 40697CBAW457 failed: 'numpy.ndarray' object has no attribute 'to'
2025-06-17 10:36:28,478 - INFO - Iteration 2 completed:
2025-06-17 10:36:28,478 - INFO -   - Successful flights: 0/5
2025-06-17 10:36:28,478 - INFO -   - Average log likelihood: nan
2025-06-17 10:36:28,478 - INFO -   - Gradient norm: 0.000000
2025-06-17 10:36:28,478 - INFO -   - Processing time: 0.35s
2025-06-17 10:36:28,478 - INFO - 
--- Iteration 3/100 ---
2025-06-17 10:36:28,478 - INFO - Processing batch 3/63 with 5 flights
2025-06-17 10:36:28,478 - INFO - Processing flight 344346IBE31HW
2025-06-17 10:36:28,525 - INFO - Running SVI sequentially for flight 344346IBE31HW (debug mode)
2025-06-17 10:36:28,553 - ERROR - Error processing flight 344346IBE31HW: 'numpy.ndarray' object has no attribute 'to'
2025-06-17 10:36:28,553 - WARNING - Flight 344346IBE31HW failed: 'numpy.ndarray' object has no attribute 'to'
2025-06-17 10:36:28,560 - INFO - Processing flight 345691IBE3180
2025-06-17 10:36:28,607 - INFO - Running SVI sequentially for flight 345691IBE3180 (debug mode)
2025-06-17 10:36:28,628 - ERROR - Error processing flight 345691IBE3180: 'numpy.ndarray' object has no attribute 'to'
2025-06-17 10:36:28,628 - WARNING - Flight 345691IBE3180 failed: 'numpy.ndarray' object has no attribute 'to'
2025-06-17 10:36:28,630 - INFO - Processing flight 345691IBE31ZF
2025-06-17 10:36:28,689 - INFO - Running SVI sequentially for flight 345691IBE31ZF (debug mode)
2025-06-17 10:36:28,712 - ERROR - Error processing flight 345691IBE31ZF: 'numpy.ndarray' object has no attribute 'to'
2025-06-17 10:36:28,712 - WARNING - Flight 345691IBE31ZF failed: 'numpy.ndarray' object has no attribute 'to'
2025-06-17 10:36:28,712 - INFO - Processing flight 346045IBE31VM
2025-06-17 10:36:28,769 - INFO - Running SVI sequentially for flight 346045IBE31VM (debug mode)
2025-06-17 10:36:28,787 - ERROR - Error processing flight 346045IBE31VM: 'numpy.ndarray' object has no attribute 'to'
2025-06-17 10:36:28,787 - WARNING - Flight 346045IBE31VM failed: 'numpy.ndarray' object has no attribute 'to'
2025-06-17 10:36:28,793 - INFO - Processing flight 346303IBE31FY
2025-06-17 10:36:28,839 - INFO - Running SVI sequentially for flight 346303IBE31FY (debug mode)
2025-06-17 10:36:28,860 - ERROR - Error processing flight 346303IBE31FY: 'numpy.ndarray' object has no attribute 'to'
2025-06-17 10:36:28,861 - WARNING - Flight 346303IBE31FY failed: 'numpy.ndarray' object has no attribute 'to'
2025-06-17 10:36:28,861 - INFO - Iteration 3 completed:
2025-06-17 10:36:28,861 - INFO -   - Successful flights: 0/5
2025-06-17 10:36:28,861 - INFO -   - Average log likelihood: nan
2025-06-17 10:36:28,861 - INFO -   - Gradient norm: 0.000000
2025-06-17 10:36:28,861 - INFO -   - Processing time: 0.38s
2025-06-17 10:36:28,861 - INFO - 
--- Iteration 4/100 ---
2025-06-17 10:36:28,861 - INFO - Processing batch 4/63 with 5 flights
2025-06-17 10:36:28,866 - INFO - Processing flight 346316IBE3170
2025-06-17 10:36:28,911 - INFO - Running SVI sequentially for flight 346316IBE3170 (debug mode)
2025-06-17 10:36:28,940 - ERROR - Error processing flight 346316IBE3170: 'numpy.ndarray' object has no attribute 'to'
2025-06-17 10:36:28,941 - WARNING - Flight 346316IBE3170 failed: 'numpy.ndarray' object has no attribute 'to'
2025-06-17 10:36:28,943 - INFO - Processing flight 34660BIBE31HG
2025-06-17 10:36:28,990 - INFO - Running SVI sequentially for flight 34660BIBE31HG (debug mode)
2025-06-17 10:36:29,009 - ERROR - Error processing flight 34660BIBE31HG: 'numpy.ndarray' object has no attribute 'to'
2025-06-17 10:36:29,009 - WARNING - Flight 34660BIBE31HG failed: 'numpy.ndarray' object has no attribute 'to'
2025-06-17 10:36:29,014 - INFO - Processing flight 3472CCIBE31SE
2025-06-17 10:36:29,060 - INFO - Running SVI sequentially for flight 3472CCIBE31SE (debug mode)
2025-06-17 10:36:29,077 - ERROR - Error processing flight 3472CCIBE31SE: 'numpy.ndarray' object has no attribute 'to'
2025-06-17 10:36:29,078 - WARNING - Flight 3472CCIBE31SE failed: 'numpy.ndarray' object has no attribute 'to'
2025-06-17 10:36:29,082 - INFO - Processing flight 40093FBAW461M
2025-06-17 10:36:29,128 - INFO - Running SVI sequentially for flight 40093FBAW461M (debug mode)
2025-06-17 10:36:29,145 - ERROR - Error processing flight 40093FBAW461M: 'numpy.ndarray' object has no attribute 'to'
2025-06-17 10:36:29,146 - WARNING - Flight 40093FBAW461M failed: 'numpy.ndarray' object has no attribute 'to'
2025-06-17 10:36:29,150 - INFO - Processing flight 406531BAW465M
2025-06-17 10:36:29,193 - INFO - Running SVI sequentially for flight 406531BAW465M (debug mode)
2025-06-17 10:36:29,213 - ERROR - Error processing flight 406531BAW465M: 'numpy.ndarray' object has no attribute 'to'
2025-06-17 10:36:29,214 - WARNING - Flight 406531BAW465M failed: 'numpy.ndarray' object has no attribute 'to'
2025-06-17 10:36:29,214 - INFO - Iteration 4 completed:
2025-06-17 10:36:29,214 - INFO -   - Successful flights: 0/5
2025-06-17 10:36:29,214 - INFO -   - Average log likelihood: nan
2025-06-17 10:36:29,214 - INFO -   - Gradient norm: 0.000000
2025-06-17 10:36:29,215 - INFO -   - Processing time: 0.35s
2025-06-17 10:36:29,215 - INFO - 
--- Iteration 5/100 ---
2025-06-17 10:36:29,215 - INFO - Processing batch 5/63 with 5 flights
2025-06-17 10:36:29,216 - INFO - Processing flight 407536BAW45EM
2025-06-17 10:36:29,260 - INFO - Running SVI sequentially for flight 407536BAW45EM (debug mode)
2025-06-17 10:36:29,288 - ERROR - Error processing flight 407536BAW45EM: 'numpy.ndarray' object has no attribute 'to'
2025-06-17 10:36:29,288 - WARNING - Flight 407536BAW45EM failed: 'numpy.ndarray' object has no attribute 'to'
2025-06-17 10:36:29,293 - INFO - Processing flight 34520CIBE31HW
2025-06-17 10:36:29,330 - INFO - Running SVI sequentially for flight 34520CIBE31HW (debug mode)
2025-06-17 10:36:29,358 - ERROR - Error processing flight 34520CIBE31HW: 'numpy.ndarray' object has no attribute 'to'
2025-06-17 10:36:29,358 - WARNING - Flight 34520CIBE31HW failed: 'numpy.ndarray' object has no attribute 'to'
2025-06-17 10:36:29,363 - INFO - Processing flight 345691IBE3170
2025-06-17 10:36:29,412 - INFO - Running SVI sequentially for flight 345691IBE3170 (debug mode)
2025-06-17 10:36:29,445 - ERROR - Error processing flight 345691IBE3170: 'numpy.ndarray' object has no attribute 'to'
2025-06-17 10:36:29,445 - WARNING - Flight 345691IBE3170 failed: 'numpy.ndarray' object has no attribute 'to'
2025-06-17 10:36:29,451 - INFO - Processing flight 345691IBE31FY
2025-06-17 10:36:29,494 - INFO - Running SVI sequentially for flight 345691IBE31FY (debug mode)
2025-06-17 10:36:29,521 - ERROR - Error processing flight 345691IBE31FY: 'numpy.ndarray' object has no attribute 'to'
2025-06-17 10:36:29,522 - WARNING - Flight 345691IBE31FY failed: 'numpy.ndarray' object has no attribute 'to'
2025-06-17 10:36:29,527 - INFO - Processing flight 345692IBE31SE
2025-06-17 10:36:29,576 - INFO - Running SVI sequentially for flight 345692IBE31SE (debug mode)
2025-06-17 10:36:29,596 - ERROR - Error processing flight 345692IBE31SE: 'numpy.ndarray' object has no attribute 'to'
2025-06-17 10:36:29,598 - WARNING - Flight 345692IBE31SE failed: 'numpy.ndarray' object has no attribute 'to'
2025-06-17 10:36:29,598 - INFO - Iteration 5 completed:
2025-06-17 10:36:29,598 - INFO -   - Successful flights: 0/5
2025-06-17 10:36:29,598 - INFO -   - Average log likelihood: nan
2025-06-17 10:36:29,598 - INFO -   - Gradient norm: 0.000000
2025-06-17 10:36:29,598 - INFO -   - Processing time: 0.38s
2025-06-17 10:36:29,598 - INFO - 
--- Iteration 6/100 ---
2025-06-17 10:36:29,598 - INFO - Processing batch 6/63 with 5 flights
2025-06-17 10:36:29,598 - INFO - Processing flight 346458IBE3180
2025-06-17 10:36:29,642 - INFO - Running SVI sequentially for flight 346458IBE3180 (debug mode)
2025-06-17 10:36:29,665 - ERROR - Error processing flight 346458IBE3180: 'numpy.ndarray' object has no attribute 'to'
2025-06-17 10:36:29,665 - WARNING - Flight 346458IBE3180 failed: 'numpy.ndarray' object has no attribute 'to'
2025-06-17 10:36:29,665 - INFO - Processing flight 346458IBE31ZF
2025-06-17 10:36:29,714 - INFO - Running SVI sequentially for flight 346458IBE31ZF (debug mode)
2025-06-17 10:36:29,732 - ERROR - Error processing flight 346458IBE31ZF: 'numpy.ndarray' object has no attribute 'to'
2025-06-17 10:36:29,732 - WARNING - Flight 346458IBE31ZF failed: 'numpy.ndarray' object has no attribute 'to'
2025-06-17 10:36:29,742 - INFO - Processing flight 34659AIBE31VM
2025-06-17 10:36:29,780 - INFO - Running SVI sequentially for flight 34659AIBE31VM (debug mode)
2025-06-17 10:36:29,808 - ERROR - Error processing flight 34659AIBE31VM: 'numpy.ndarray' object has no attribute 'to'
2025-06-17 10:36:29,809 - WARNING - Flight 34659AIBE31VM failed: 'numpy.ndarray' object has no attribute 'to'
2025-06-17 10:36:29,813 - INFO - Processing flight 347219IBE31HG
2025-06-17 10:36:29,857 - INFO - Running SVI sequentially for flight 347219IBE31HG (debug mode)
2025-06-17 10:36:29,877 - ERROR - Error processing flight 347219IBE31HG: 'numpy.ndarray' object has no attribute 'to'
2025-06-17 10:36:29,878 - WARNING - Flight 347219IBE31HG failed: 'numpy.ndarray' object has no attribute 'to'
2025-06-17 10:36:29,879 - INFO - Processing flight 400AFFBAW45EM
2025-06-17 10:36:29,928 - INFO - Running SVI sequentially for flight 400AFFBAW45EM (debug mode)
2025-06-17 10:36:29,946 - ERROR - Error processing flight 400AFFBAW45EM: 'numpy.ndarray' object has no attribute 'to'
2025-06-17 10:36:29,946 - WARNING - Flight 400AFFBAW45EM failed: 'numpy.ndarray' object has no attribute 'to'
2025-06-17 10:36:29,946 - INFO - Iteration 6 completed:
2025-06-17 10:36:29,946 - INFO -   - Successful flights: 0/5
2025-06-17 10:36:29,946 - INFO -   - Average log likelihood: nan
2025-06-17 10:36:29,946 - INFO -   - Gradient norm: 0.000000
2025-06-17 10:36:29,946 - INFO -   - Processing time: 0.35s
2025-06-17 10:36:29,946 - INFO - 
--- Iteration 7/100 ---
2025-06-17 10:36:29,946 - INFO - Processing batch 7/63 with 5 flights
2025-06-17 10:36:29,956 - INFO - Processing flight 405A4ABAW461M
2025-06-17 10:36:30,010 - INFO - Running SVI sequentially for flight 405A4ABAW461M (debug mode)
2025-06-17 10:36:30,029 - ERROR - Error processing flight 405A4ABAW461M: 'numpy.ndarray' object has no attribute 'to'
2025-06-17 10:36:30,029 - WARNING - Flight 405A4ABAW461M failed: 'numpy.ndarray' object has no attribute 'to'
2025-06-17 10:36:30,029 - INFO - Processing flight 4075FEBAW43M
2025-06-17 10:36:30,074 - INFO - Running SVI sequentially for flight 4075FEBAW43M (debug mode)
2025-06-17 10:36:30,097 - ERROR - Error processing flight 4075FEBAW43M: 'numpy.ndarray' object has no attribute 'to'
2025-06-17 10:36:30,097 - WARNING - Flight 4075FEBAW43M failed: 'numpy.ndarray' object has no attribute 'to'
2025-06-17 10:36:30,097 - INFO - Processing flight 4076CDBAW457
2025-06-17 10:36:30,146 - INFO - Running SVI sequentially for flight 4076CDBAW457 (debug mode)
2025-06-17 10:36:30,170 - ERROR - Error processing flight 4076CDBAW457: 'numpy.ndarray' object has no attribute 'to'
2025-06-17 10:36:30,170 - WARNING - Flight 4076CDBAW457 failed: 'numpy.ndarray' object has no attribute 'to'
2025-06-17 10:36:30,177 - INFO - Processing flight 461F6ABAW465M
2025-06-17 10:36:30,223 - INFO - Running SVI sequentially for flight 461F6ABAW465M (debug mode)
2025-06-17 10:36:30,242 - ERROR - Error processing flight 461F6ABAW465M: 'numpy.ndarray' object has no attribute 'to'
2025-06-17 10:36:30,244 - WARNING - Flight 461F6ABAW465M failed: 'numpy.ndarray' object has no attribute 'to'
2025-06-17 10:36:30,247 - INFO - Processing flight 3444C4IBE31HW
2025-06-17 10:36:30,291 - INFO - Running SVI sequentially for flight 3444C4IBE31HW (debug mode)
2025-06-17 10:36:30,310 - ERROR - Error processing flight 3444C4IBE31HW: 'numpy.ndarray' object has no attribute 'to'
2025-06-17 10:36:30,310 - WARNING - Flight 3444C4IBE31HW failed: 'numpy.ndarray' object has no attribute 'to'
2025-06-17 10:36:30,311 - INFO - Iteration 7 completed:
2025-06-17 10:36:30,312 - INFO -   - Successful flights: 0/5
2025-06-17 10:36:30,312 - INFO -   - Average log likelihood: nan
2025-06-17 10:36:30,312 - INFO -   - Gradient norm: 0.000000
2025-06-17 10:36:30,312 - INFO -   - Processing time: 0.37s
2025-06-17 10:36:30,312 - INFO - 
--- Iteration 8/100 ---
2025-06-17 10:36:30,312 - INFO - Processing batch 8/63 with 5 flights
2025-06-17 10:36:30,318 - INFO - Processing flight 346303IBE3180
2025-06-17 10:36:30,362 - INFO - Running SVI sequentially for flight 346303IBE3180 (debug mode)
2025-06-17 10:36:30,378 - ERROR - Error processing flight 346303IBE3180: 'numpy.ndarray' object has no attribute 'to'
2025-06-17 10:36:30,378 - WARNING - Flight 346303IBE3180 failed: 'numpy.ndarray' object has no attribute 'to'
2025-06-17 10:36:30,378 - INFO - Processing flight 346458IBE31ZF
2025-06-17 10:36:30,426 - INFO - Running SVI sequentially for flight 346458IBE31ZF (debug mode)
2025-06-17 10:36:30,445 - ERROR - Error processing flight 346458IBE31ZF: 'numpy.ndarray' object has no attribute 'to'
2025-06-17 10:36:30,445 - WARNING - Flight 346458IBE31ZF failed: 'numpy.ndarray' object has no attribute 'to'
2025-06-17 10:36:30,445 - INFO - Processing flight 346555IBE31VM
2025-06-17 10:36:30,505 - INFO - Running SVI sequentially for flight 346555IBE31VM (debug mode)
2025-06-17 10:36:30,508 - ERROR - Error processing flight 346555IBE31VM: 'numpy.ndarray' object has no attribute 'to'
2025-06-17 10:36:30,523 - WARNING - Flight 346555IBE31VM failed: 'numpy.ndarray' object has no attribute 'to'
2025-06-17 10:36:30,527 - INFO - Processing flight 347219IBE3170
2025-06-17 10:36:30,575 - INFO - Running SVI sequentially for flight 347219IBE3170 (debug mode)
2025-06-17 10:36:30,596 - ERROR - Error processing flight 347219IBE3170: 'numpy.ndarray' object has no attribute 'to'
2025-06-17 10:36:30,597 - WARNING - Flight 347219IBE3170 failed: 'numpy.ndarray' object has no attribute 'to'
2025-06-17 10:36:30,602 - INFO - Processing flight 347219IBE31SE
2025-06-17 10:36:30,641 - INFO - Running SVI sequentially for flight 347219IBE31SE (debug mode)
2025-06-17 10:36:30,664 - ERROR - Error processing flight 347219IBE31SE: 'numpy.ndarray' object has no attribute 'to'
2025-06-17 10:36:30,664 - WARNING - Flight 347219IBE31SE failed: 'numpy.ndarray' object has no attribute 'to'
2025-06-17 10:36:30,664 - INFO - Iteration 8 completed:
2025-06-17 10:36:30,664 - INFO -   - Successful flights: 0/5
2025-06-17 10:36:30,664 - INFO -   - Average log likelihood: nan
2025-06-17 10:36:30,664 - INFO -   - Gradient norm: 0.000000
2025-06-17 10:36:30,664 - INFO -   - Processing time: 0.35s
2025-06-17 10:36:30,664 - INFO - 
--- Iteration 9/100 ---
2025-06-17 10:36:30,664 - INFO - Processing batch 9/63 with 5 flights
2025-06-17 10:36:30,676 - INFO - Processing flight 347344IBE31FY
2025-06-17 10:36:30,714 - INFO - Running SVI sequentially for flight 347344IBE31FY (debug mode)
2025-06-17 10:36:30,739 - ERROR - Error processing flight 347344IBE31FY: 'numpy.ndarray' object has no attribute 'to'
2025-06-17 10:36:30,740 - WARNING - Flight 347344IBE31FY failed: 'numpy.ndarray' object has no attribute 'to'
2025-06-17 10:36:30,741 - INFO - Processing flight 347453IBE31HG
2025-06-17 10:36:30,792 - INFO - Running SVI sequentially for flight 347453IBE31HG (debug mode)
2025-06-17 10:36:30,809 - ERROR - Error processing flight 347453IBE31HG: 'numpy.ndarray' object has no attribute 'to'
2025-06-17 10:36:30,809 - WARNING - Flight 347453IBE31HG failed: 'numpy.ndarray' object has no attribute 'to'
2025-06-17 10:36:30,814 - INFO - Processing flight 40123FBAW465M
2025-06-17 10:36:30,859 - INFO - Running SVI sequentially for flight 40123FBAW465M (debug mode)
2025-06-17 10:36:30,879 - ERROR - Error processing flight 40123FBAW465M: 'numpy.ndarray' object has no attribute 'to'
2025-06-17 10:36:30,881 - WARNING - Flight 40123FBAW465M failed: 'numpy.ndarray' object has no attribute 'to'
2025-06-17 10:36:30,881 - INFO - Processing flight 401240BAW457
2025-06-17 10:36:30,925 - INFO - Running SVI sequentially for flight 401240BAW457 (debug mode)
2025-06-17 10:36:30,946 - ERROR - Error processing flight 401240BAW457: 'numpy.ndarray' object has no attribute 'to'
2025-06-17 10:36:30,946 - WARNING - Flight 401240BAW457 failed: 'numpy.ndarray' object has no attribute 'to'
2025-06-17 10:36:30,949 - INFO - Processing flight 405A49BAW461M
2025-06-17 10:36:30,991 - INFO - Running SVI sequentially for flight 405A49BAW461M (debug mode)
2025-06-17 10:36:31,012 - ERROR - Error processing flight 405A49BAW461M: 'numpy.ndarray' object has no attribute 'to'
2025-06-17 10:36:31,012 - WARNING - Flight 405A49BAW461M failed: 'numpy.ndarray' object has no attribute 'to'
2025-06-17 10:36:31,012 - INFO - Iteration 9 completed:
2025-06-17 10:36:31,012 - INFO -   - Successful flights: 0/5
2025-06-17 10:36:31,012 - INFO -   - Average log likelihood: nan
2025-06-17 10:36:31,012 - INFO -   - Gradient norm: 0.000000
2025-06-17 10:36:31,012 - INFO -   - Processing time: 0.35s
2025-06-17 10:36:31,012 - INFO - 
--- Iteration 10/100 ---
2025-06-17 10:36:31,012 - INFO - Processing batch 10/63 with 5 flights
2025-06-17 10:36:31,021 - INFO - Processing flight 4076CDBAW43M
2025-06-17 10:36:31,058 - INFO - Running SVI sequentially for flight 4076CDBAW43M (debug mode)
2025-06-17 10:36:31,085 - ERROR - Error processing flight 4076CDBAW43M: 'numpy.ndarray' object has no attribute 'to'
2025-06-17 10:36:31,085 - WARNING - Flight 4076CDBAW43M failed: 'numpy.ndarray' object has no attribute 'to'
2025-06-17 10:36:31,090 - INFO - Processing flight 407B8EBAW45EM
2025-06-17 10:36:31,128 - INFO - Running SVI sequentially for flight 407B8EBAW45EM (debug mode)
2025-06-17 10:36:31,151 - ERROR - Error processing flight 407B8EBAW45EM: 'numpy.ndarray' object has no attribute 'to'
2025-06-17 10:36:31,151 - WARNING - Flight 407B8EBAW45EM failed: 'numpy.ndarray' object has no attribute 'to'
2025-06-17 10:36:31,160 - INFO - Processing flight 345691IBE3170
2025-06-17 10:36:31,207 - INFO - Running SVI sequentially for flight 345691IBE3170 (debug mode)
2025-06-17 10:36:31,227 - ERROR - Error processing flight 345691IBE3170: 'numpy.ndarray' object has no attribute 'to'
2025-06-17 10:36:31,227 - WARNING - Flight 345691IBE3170 failed: 'numpy.ndarray' object has no attribute 'to'
2025-06-17 10:36:31,234 - INFO - Processing flight 345691IBE31SE
2025-06-17 10:36:31,278 - INFO - Running SVI sequentially for flight 345691IBE31SE (debug mode)
2025-06-17 10:36:31,298 - ERROR - Error processing flight 345691IBE31SE: 'numpy.ndarray' object has no attribute 'to'
2025-06-17 10:36:31,298 - WARNING - Flight 345691IBE31SE failed: 'numpy.ndarray' object has no attribute 'to'
2025-06-17 10:36:31,305 - INFO - Processing flight 346316IBE31FY
2025-06-17 10:36:31,358 - INFO - Running SVI sequentially for flight 346316IBE31FY (debug mode)
2025-06-17 10:36:31,381 - ERROR - Error processing flight 346316IBE31FY: 'numpy.ndarray' object has no attribute 'to'
2025-06-17 10:36:31,381 - WARNING - Flight 346316IBE31FY failed: 'numpy.ndarray' object has no attribute 'to'
2025-06-17 10:36:31,381 - INFO - Iteration 10 completed:
2025-06-17 10:36:31,381 - INFO -   - Successful flights: 0/5
2025-06-17 10:36:31,381 - INFO -   - Average log likelihood: nan
2025-06-17 10:36:31,381 - INFO -   - Gradient norm: 0.000000
2025-06-17 10:36:31,381 - INFO -   - Processing time: 0.37s
2025-06-17 10:36:31,426 - INFO - Checkpoint saved to data/cases/LEMD_EGLL\batch_sgd_results\checkpoint_iter_10.pt
2025-06-17 10:36:31,426 - INFO - 
--- Iteration 11/100 ---
2025-06-17 10:36:31,426 - INFO - Processing batch 11/63 with 5 flights
2025-06-17 10:36:31,426 - INFO - Processing flight 34659AIBE31HW
2025-06-17 10:36:31,491 - INFO - Running SVI sequentially for flight 34659AIBE31HW (debug mode)
2025-06-17 10:36:31,508 - ERROR - Error processing flight 34659AIBE31HW: 'numpy.ndarray' object has no attribute 'to'
2025-06-17 10:36:31,509 - WARNING - Flight 34659AIBE31HW failed: 'numpy.ndarray' object has no attribute 'to'
2025-06-17 10:36:31,511 - INFO - Processing flight 347287IBE3180
2025-06-17 10:36:31,549 - INFO - Running SVI sequentially for flight 347287IBE3180 (debug mode)
2025-06-17 10:36:31,575 - ERROR - Error processing flight 347287IBE3180: 'numpy.ndarray' object has no attribute 'to'
2025-06-17 10:36:31,575 - WARNING - Flight 347287IBE3180 failed: 'numpy.ndarray' object has no attribute 'to'
2025-06-17 10:36:31,579 - INFO - Processing flight 347288IBE31HG
2025-06-17 10:36:31,627 - INFO - Running SVI sequentially for flight 347288IBE31HG (debug mode)
2025-06-17 10:36:31,643 - ERROR - Error processing flight 347288IBE31HG: 'numpy.ndarray' object has no attribute 'to'
2025-06-17 10:36:31,644 - WARNING - Flight 347288IBE31HG failed: 'numpy.ndarray' object has no attribute 'to'
2025-06-17 10:36:31,647 - INFO - Processing flight 347453IBE31ZF
2025-06-17 10:36:31,693 - INFO - Running SVI sequentially for flight 347453IBE31ZF (debug mode)
2025-06-17 10:36:31,716 - ERROR - Error processing flight 347453IBE31ZF: 'numpy.ndarray' object has no attribute 'to'
2025-06-17 10:36:31,716 - WARNING - Flight 347453IBE31ZF failed: 'numpy.ndarray' object has no attribute 'to'
2025-06-17 10:36:31,716 - INFO - Processing flight 4008F2BAW465M
2025-06-17 10:36:31,759 - INFO - Running SVI sequentially for flight 4008F2BAW465M (debug mode)
2025-06-17 10:36:31,782 - ERROR - Error processing flight 4008F2BAW465M: 'numpy.ndarray' object has no attribute 'to'
2025-06-17 10:36:31,782 - WARNING - Flight 4008F2BAW465M failed: 'numpy.ndarray' object has no attribute 'to'
2025-06-17 10:36:31,782 - INFO - Iteration 11 completed:
2025-06-17 10:36:31,782 - INFO -   - Successful flights: 0/5
2025-06-17 10:36:31,782 - INFO -   - Average log likelihood: nan
2025-06-17 10:36:31,782 - INFO -   - Gradient norm: 0.000000
2025-06-17 10:36:31,782 - INFO -   - Processing time: 0.36s
2025-06-17 10:36:31,782 - INFO - 
--- Iteration 12/100 ---
2025-06-17 10:36:31,782 - INFO - Processing batch 12/63 with 5 flights
2025-06-17 10:36:31,787 - INFO - Processing flight 4009C7BAW43M
2025-06-17 10:36:31,855 - INFO - Running SVI sequentially for flight 4009C7BAW43M (debug mode)
2025-06-17 10:36:31,870 - ERROR - Error processing flight 4009C7BAW43M: 'numpy.ndarray' object has no attribute 'to'
2025-06-17 10:36:31,871 - WARNING - Flight 4009C7BAW43M failed: 'numpy.ndarray' object has no attribute 'to'
2025-06-17 10:36:31,874 - INFO - Processing flight 400A25BAW461M
2025-06-17 10:36:31,927 - INFO - Running SVI sequentially for flight 400A25BAW461M (debug mode)
2025-06-17 10:36:31,947 - ERROR - Error processing flight 400A25BAW461M: 'numpy.ndarray' object has no attribute 'to'
2025-06-17 10:36:31,948 - WARNING - Flight 400A25BAW461M failed: 'numpy.ndarray' object has no attribute 'to'
2025-06-17 10:36:31,948 - INFO - Processing flight 405A4ABAW45EM
2025-06-17 10:36:31,994 - INFO - Running SVI sequentially for flight 405A4ABAW45EM (debug mode)
2025-06-17 10:36:32,012 - ERROR - Error processing flight 405A4ABAW45EM: 'numpy.ndarray' object has no attribute 'to'
2025-06-17 10:36:32,013 - WARNING - Flight 405A4ABAW45EM failed: 'numpy.ndarray' object has no attribute 'to'
2025-06-17 10:36:32,015 - INFO - Processing flight 406A3DBAW457
2025-06-17 10:36:32,062 - INFO - Running SVI sequentially for flight 406A3DBAW457 (debug mode)
2025-06-17 10:36:32,081 - ERROR - Error processing flight 406A3DBAW457: 'numpy.ndarray' object has no attribute 'to'
2025-06-17 10:36:32,082 - WARNING - Flight 406A3DBAW457 failed: 'numpy.ndarray' object has no attribute 'to'
2025-06-17 10:36:32,082 - INFO - Processing flight 344305IBE31HW
2025-06-17 10:36:32,135 - INFO - Running SVI sequentially for flight 344305IBE31HW (debug mode)
2025-06-17 10:36:32,149 - ERROR - Error processing flight 344305IBE31HW: 'numpy.ndarray' object has no attribute 'to'
2025-06-17 10:36:32,149 - WARNING - Flight 344305IBE31HW failed: 'numpy.ndarray' object has no attribute 'to'
2025-06-17 10:36:32,149 - INFO - Iteration 12 completed:
2025-06-17 10:36:32,149 - INFO -   - Successful flights: 0/5
2025-06-17 10:36:32,149 - INFO -   - Average log likelihood: nan
2025-06-17 10:36:32,149 - INFO -   - Gradient norm: 0.000000
2025-06-17 10:36:32,149 - INFO -   - Processing time: 0.37s
2025-06-17 10:36:32,149 - INFO - 
--- Iteration 13/100 ---
2025-06-17 10:36:32,149 - INFO - Processing batch 13/63 with 5 flights
2025-06-17 10:36:32,159 - INFO - Processing flight 345692IBE3180
2025-06-17 10:36:32,216 - INFO - Running SVI sequentially for flight 345692IBE3180 (debug mode)
2025-06-17 10:36:32,242 - ERROR - Error processing flight 345692IBE3180: 'numpy.ndarray' object has no attribute 'to'
2025-06-17 10:36:32,243 - WARNING - Flight 345692IBE3180 failed: 'numpy.ndarray' object has no attribute 'to'
2025-06-17 10:36:32,246 - INFO - Processing flight 347287IBE31HG
2025-06-17 10:36:32,293 - INFO - Running SVI sequentially for flight 347287IBE31HG (debug mode)
2025-06-17 10:36:32,316 - ERROR - Error processing flight 347287IBE31HG: 'numpy.ndarray' object has no attribute 'to'
2025-06-17 10:36:32,316 - WARNING - Flight 347287IBE31HG failed: 'numpy.ndarray' object has no attribute 'to'
2025-06-17 10:36:32,316 - INFO - Processing flight 347287IBE31ZF
2025-06-17 10:36:32,361 - INFO - Running SVI sequentially for flight 347287IBE31ZF (debug mode)
2025-06-17 10:36:32,393 - ERROR - Error processing flight 347287IBE31ZF: 'numpy.ndarray' object has no attribute 'to'
2025-06-17 10:36:32,394 - WARNING - Flight 347287IBE31ZF failed: 'numpy.ndarray' object has no attribute 'to'
2025-06-17 10:36:32,399 - INFO - Processing flight 347288IBE3170
2025-06-17 10:36:32,443 - INFO - Running SVI sequentially for flight 347288IBE3170 (debug mode)
2025-06-17 10:36:32,443 - ERROR - Error processing flight 347288IBE3170: 'numpy.ndarray' object has no attribute 'to'
2025-06-17 10:36:32,443 - WARNING - Flight 347288IBE3170 failed: 'numpy.ndarray' object has no attribute 'to'
2025-06-17 10:36:32,461 - INFO - Processing flight 347288IBE31FY
2025-06-17 10:36:32,509 - INFO - Running SVI sequentially for flight 347288IBE31FY (debug mode)
2025-06-17 10:36:32,526 - ERROR - Error processing flight 347288IBE31FY: 'numpy.ndarray' object has no attribute 'to'
2025-06-17 10:36:32,526 - WARNING - Flight 347288IBE31FY failed: 'numpy.ndarray' object has no attribute 'to'
2025-06-17 10:36:32,526 - INFO - Iteration 13 completed:
2025-06-17 10:36:32,528 - INFO -   - Successful flights: 0/5
2025-06-17 10:36:32,528 - INFO -   - Average log likelihood: nan
2025-06-17 10:36:32,528 - INFO -   - Gradient norm: 0.000000
2025-06-17 10:36:32,528 - INFO -   - Processing time: 0.38s
2025-06-17 10:36:32,529 - INFO - 
--- Iteration 14/100 ---
2025-06-17 10:36:32,529 - INFO - Processing batch 14/63 with 5 flights
2025-06-17 10:36:32,532 - INFO - Processing flight 347344IBE31SE
2025-06-17 10:36:32,576 - INFO - Running SVI sequentially for flight 347344IBE31SE (debug mode)
2025-06-17 10:36:32,596 - ERROR - Error processing flight 347344IBE31SE: 'numpy.ndarray' object has no attribute 'to'
2025-06-17 10:36:32,596 - WARNING - Flight 347344IBE31SE failed: 'numpy.ndarray' object has no attribute 'to'
2025-06-17 10:36:32,596 - INFO - Processing flight 347388IBE31VM
2025-06-17 10:37:26,230 - INFO - Validating batch SGD pipeline implementation...
2025-06-17 10:37:26,238 - INFO - Starting Batch SGD Pipeline for Maximum Entropy Inverse Learning
2025-06-17 10:37:26,238 - INFO - Loading configuration from data/cases/LEMD_EGLL\default.yaml
2025-06-17 10:37:29,246 - INFO - Using device: cpu
2025-06-17 10:37:29,246 - INFO - Cost model has 320361 trainable parameters
2025-06-17 10:37:29,246 - INFO - Loading flights from data/cases/LEMD_EGLL\all_routes.csv and creating batches...
2025-06-17 10:37:29,246 - INFO - Created 63 batches of flights.
2025-06-17 10:37:29,246 - INFO - Starting main training loop
2025-06-17 10:37:29,246 - INFO - 
--- Iteration 1/100 ---
2025-06-17 10:37:29,246 - INFO - Processing batch 1/63 with 5 flights
2025-06-17 10:37:29,256 - INFO - Processing flight 344344IBE31HW
2025-06-17 10:37:29,279 - INFO - Running SVI sequentially for flight 344344IBE31HW (debug mode)
2025-06-17 10:37:29,296 - ERROR - Error processing flight 344344IBE31HW: 'numpy.ndarray' object has no attribute 'to'
2025-06-17 10:37:29,296 - ERROR - Pipeline failed with error: Error processing flight 344344IBE31HW: 'numpy.ndarray' object has no attribute 'to'
2025-06-17 10:41:20,781 - INFO - Validating batch SGD pipeline implementation...
2025-06-17 10:41:20,793 - INFO - Starting Batch SGD Pipeline for Maximum Entropy Inverse Learning
2025-06-17 10:41:20,797 - INFO - Loading configuration from data/cases/LEMD_EGLL\default.yaml
2025-06-17 10:41:23,805 - INFO - Using device: cpu
2025-06-17 10:41:23,805 - INFO - Cost model has 320361 trainable parameters
2025-06-17 10:41:23,807 - INFO - Loading flights from data/cases/LEMD_EGLL\all_routes.csv and creating batches...
2025-06-17 10:41:23,807 - INFO - Created 63 batches of flights.
2025-06-17 10:41:23,807 - INFO - Starting main training loop
2025-06-17 10:41:23,807 - INFO - 
--- Iteration 1/100 ---
2025-06-17 10:41:23,807 - INFO - Processing batch 1/63 with 5 flights
2025-06-17 10:41:23,816 - INFO - Processing flight 344344IBE31HW
2025-06-17 10:41:23,837 - INFO - Running SVI sequentially for flight 344344IBE31HW (debug mode)
2025-06-17 10:41:23,859 - ERROR - Error processing flight 344344IBE31HW: 'numpy.ndarray' object has no attribute 'to'
2025-06-17 10:41:23,861 - ERROR - Pipeline failed with error: Error processing flight 344344IBE31HW: 'numpy.ndarray' object has no attribute 'to'
2025-06-17 10:42:53,110 - INFO - Validating batch SGD pipeline implementation...
2025-06-17 10:42:53,122 - INFO - Starting Batch SGD Pipeline for Maximum Entropy Inverse Learning
2025-06-17 10:42:53,123 - INFO - Loading configuration from data/cases/LEMD_EGLL\default.yaml
2025-06-17 10:42:56,113 - INFO - Using device: cpu
2025-06-17 10:42:56,113 - INFO - Cost model has 320361 trainable parameters
2025-06-17 10:42:56,113 - INFO - Loading flights from data/cases/LEMD_EGLL\all_routes.csv and creating batches...
2025-06-17 10:42:56,113 - INFO - Created 63 batches of flights.
2025-06-17 10:42:56,113 - INFO - Starting main training loop
2025-06-17 10:42:56,113 - INFO - 
--- Iteration 1/100 ---
2025-06-17 10:42:56,113 - INFO - Processing batch 1/63 with 5 flights
2025-06-17 10:42:56,127 - INFO - Processing flight 344344IBE31HW
2025-06-17 10:42:56,147 - INFO - Running SVI sequentially for flight 344344IBE31HW (debug mode)
2025-06-17 10:42:58,010 - ERROR - Error processing flight 344344IBE31HW: 'numpy.ndarray' object has no attribute 'to'
2025-06-17 10:42:58,010 - ERROR - Pipeline failed with error: Error processing flight 344344IBE31HW: 'numpy.ndarray' object has no attribute 'to'
2025-06-17 10:44:33,972 - INFO - Validating batch SGD pipeline implementation...
2025-06-17 10:44:33,982 - INFO - Starting Batch SGD Pipeline for Maximum Entropy Inverse Learning
2025-06-17 10:44:33,982 - INFO - Loading configuration from data/cases/LEMD_EGLL\default.yaml
2025-06-17 10:44:36,949 - INFO - Using device: cpu
2025-06-17 10:44:36,949 - INFO - Cost model has 320361 trainable parameters
2025-06-17 10:44:36,949 - INFO - Loading flights from data/cases/LEMD_EGLL\all_routes.csv and creating batches...
2025-06-17 10:44:36,949 - INFO - Created 63 batches of flights.
2025-06-17 10:44:36,949 - INFO - Starting main training loop
2025-06-17 10:44:36,949 - INFO - 
--- Iteration 1/100 ---
2025-06-17 10:44:36,962 - INFO - Processing batch 1/63 with 5 flights
2025-06-17 10:44:36,962 - INFO - Processing flight 344344IBE31HW
2025-06-17 10:44:36,983 - INFO - Running SVI sequentially for flight 344344IBE31HW (debug mode)
2025-06-17 10:44:50,514 - INFO - Processing flight 345691IBE3170
2025-06-17 10:44:50,530 - INFO - Running SVI sequentially for flight 345691IBE3170 (debug mode)
2025-06-17 10:45:03,380 - INFO - Processing flight 345691IBE31FY
2025-06-17 10:45:03,402 - INFO - Running SVI sequentially for flight 345691IBE31FY (debug mode)
2025-06-17 10:45:15,890 - INFO - Processing flight 346147IBE31SE
2025-06-17 10:45:15,920 - INFO - Running SVI sequentially for flight 346147IBE31SE (debug mode)
2025-06-17 10:45:29,866 - INFO - Processing flight 346386IBE31VM
2025-06-17 10:45:29,880 - INFO - Running SVI sequentially for flight 346386IBE31VM (debug mode)
2025-06-17 10:45:42,217 - INFO - Iteration 1 completed:
2025-06-17 10:45:42,217 - INFO -   - Successful flights: 5/5
2025-06-17 10:45:42,217 - INFO -   - Average log likelihood: -8.599206
2025-06-17 10:45:42,217 - INFO -   - Gradient norm: 0.000000
2025-06-17 10:45:42,217 - INFO -   - Processing time: 65.27s
2025-06-17 10:45:42,217 - INFO - 
--- Iteration 2/100 ---
2025-06-17 10:45:42,217 - INFO - Processing batch 2/63 with 5 flights
2025-06-17 10:45:42,217 - INFO - Processing flight 346458IBE31HG
2025-06-17 10:45:42,233 - INFO - Running SVI sequentially for flight 346458IBE31HG (debug mode)
2025-06-17 10:49:44,637 - INFO - Validating batch SGD pipeline implementation...
2025-06-17 10:49:44,653 - INFO - Starting Batch SGD Pipeline for Maximum Entropy Inverse Learning
2025-06-17 10:49:44,654 - INFO - Loading configuration from data/cases/LEMD_EGLL\default.yaml
2025-06-17 10:49:48,197 - INFO - Using device: cpu
2025-06-17 10:49:48,198 - INFO - Cost model has 320361 trainable parameters
2025-06-17 10:49:48,198 - INFO - Loading flights from data/cases/LEMD_EGLL\all_routes.csv and creating batches...
2025-06-17 10:49:48,198 - INFO - Created 63 batches of flights.
2025-06-17 10:49:48,198 - INFO - Starting main training loop
2025-06-17 10:49:48,198 - INFO - 
--- Iteration 1/100 ---
2025-06-17 10:49:48,198 - INFO - Processing batch 1/63 with 5 flights
2025-06-17 10:50:01,044 - INFO - Processing flight 344344IBE31HW
2025-06-17 10:50:42,645 - INFO - Running SVI sequentially for flight 344344IBE31HW (debug mode)
2025-06-17 11:13:36,762 - INFO - Validating batch SGD pipeline implementation...
2025-06-17 11:13:36,781 - INFO - Starting Batch SGD Pipeline for Maximum Entropy Inverse Learning
2025-06-17 11:13:36,782 - INFO - Loading configuration from data/cases/LEMD_EGLL\default.yaml
2025-06-17 11:13:40,314 - INFO - Using device: cpu
2025-06-17 11:13:40,314 - INFO - Cost model has 320361 trainable parameters
2025-06-17 11:13:40,314 - INFO - Loading flights from data/cases/LEMD_EGLL\all_routes.csv and creating batches...
2025-06-17 11:13:40,336 - INFO - Created 63 batches of flights.
2025-06-17 11:13:40,336 - INFO - Starting main training loop
2025-06-17 11:13:40,336 - INFO - 
--- Iteration 1/100 ---
2025-06-17 11:13:40,339 - INFO - Processing batch 1/63 with 5 flights
2025-06-17 11:14:05,347 - INFO - Processing flight 344344IBE31HW
2025-06-17 11:14:05,377 - INFO - Running SVI sequentially for flight 344344IBE31HW (debug mode)
2025-06-17 11:14:19,913 - ERROR - Error processing flight 344344IBE31HW: Stop here
2025-06-17 11:14:19,916 - ERROR - Pipeline failed with error: Error processing flight 344344IBE31HW: Stop here
2025-06-17 13:10:36,952 - INFO - Validating batch SGD pipeline implementation...
2025-06-17 13:10:36,964 - INFO - Starting Batch SGD Pipeline for Maximum Entropy Inverse Learning
2025-06-17 13:10:36,964 - INFO - Loading configuration from data/cases/LEMD_EGLL\default.yaml
2025-06-17 13:10:40,581 - INFO - Using device: cpu
2025-06-17 13:10:40,581 - INFO - Cost model has 320361 trainable parameters
2025-06-17 13:10:40,582 - INFO - Loading flights from data/cases/LEMD_EGLL\all_routes.csv and creating batches...
2025-06-17 13:10:40,604 - INFO - Created 63 batches of flights.
2025-06-17 13:10:40,604 - INFO - Starting main training loop
2025-06-17 13:10:40,604 - INFO - 
--- Iteration 1/100 ---
2025-06-17 13:10:40,604 - INFO - Processing batch 1/63 with 5 flights
2025-06-17 13:10:40,612 - INFO - Processing flight 344344IBE31HW
2025-06-17 13:10:40,672 - INFO - Running SVI sequentially for flight 344344IBE31HW (debug mode)
2025-06-17 13:11:39,985 - INFO - Validating batch SGD pipeline implementation...
2025-06-17 13:11:39,999 - INFO - Starting Batch SGD Pipeline for Maximum Entropy Inverse Learning
2025-06-17 13:11:39,999 - INFO - Loading configuration from data/cases/LEMD_EGLL\default.yaml
2025-06-17 13:11:43,531 - INFO - Using device: cpu
2025-06-17 13:11:43,531 - INFO - Cost model has 320361 trainable parameters
2025-06-17 13:11:43,531 - INFO - Loading flights from data/cases/LEMD_EGLL\all_routes.csv and creating batches...
2025-06-17 13:11:43,547 - INFO - Created 63 batches of flights.
2025-06-17 13:11:43,547 - INFO - Starting main training loop
2025-06-17 13:11:43,547 - INFO - 
--- Iteration 1/100 ---
2025-06-17 13:11:43,555 - INFO - Processing batch 1/63 with 5 flights
2025-06-17 13:11:43,556 - INFO - Processing flight 344344IBE31HW
2025-06-17 13:11:43,578 - INFO - Running SVI sequentially for flight 344344IBE31HW (debug mode)
2025-06-17 13:20:01,726 - INFO - Validating batch SGD pipeline implementation...
2025-06-17 13:20:01,737 - INFO - Starting Batch SGD Pipeline for Maximum Entropy Inverse Learning
2025-06-17 13:20:01,737 - INFO - Loading configuration from data/cases/LEMD_EGLL\default.yaml
2025-06-17 13:20:05,324 - INFO - Using device: cpu
2025-06-17 13:20:05,325 - INFO - Cost model has 320361 trainable parameters
2025-06-17 13:20:05,325 - INFO - Loading flights from data/cases/LEMD_EGLL\all_routes.csv and creating batches...
2025-06-17 13:20:05,337 - INFO - Created 63 batches of flights.
2025-06-17 13:20:05,337 - INFO - Starting main training loop
2025-06-17 13:20:05,337 - INFO - 
--- Iteration 1/100 ---
2025-06-17 13:20:05,337 - INFO - Processing batch 1/63 with 5 flights
2025-06-17 13:20:05,338 - INFO - Processing flight 344344IBE31HW
2025-06-17 13:20:05,364 - INFO - Running SVI sequentially for flight 344344IBE31HW (debug mode)
2025-06-17 13:20:30,206 - INFO - Validating batch SGD pipeline implementation...
2025-06-17 13:20:30,221 - INFO - Starting Batch SGD Pipeline for Maximum Entropy Inverse Learning
2025-06-17 13:20:30,221 - INFO - Loading configuration from data/cases/LEMD_EGLL\default.yaml
2025-06-17 13:20:33,190 - INFO - Using device: cpu
2025-06-17 13:20:33,190 - INFO - Cost model has 320361 trainable parameters
2025-06-17 13:20:33,190 - INFO - Loading flights from data/cases/LEMD_EGLL\all_routes.csv and creating batches...
2025-06-17 13:20:33,206 - INFO - Created 63 batches of flights.
2025-06-17 13:20:33,206 - INFO - Starting main training loop
2025-06-17 13:20:33,207 - INFO - 
--- Iteration 1/100 ---
2025-06-17 13:20:33,207 - INFO - Processing batch 1/63 with 5 flights
2025-06-17 13:20:33,207 - INFO - Processing flight 344344IBE31HW
2025-06-17 13:20:33,228 - INFO - Running SVI sequentially for flight 344344IBE31HW (debug mode)
2025-06-17 13:20:46,872 - ERROR - Error processing flight 344344IBE31HW: Stop here
2025-06-17 13:20:46,874 - ERROR - Pipeline failed with error: Error processing flight 344344IBE31HW: Stop here
2025-06-17 13:36:35,991 - INFO - Validating batch SGD pipeline implementation...
2025-06-17 13:36:36,002 - INFO - Starting Batch SGD Pipeline for Maximum Entropy Inverse Learning
2025-06-17 13:36:36,003 - INFO - Loading configuration from data/cases/LEMD_EGLL\default.yaml
2025-06-17 13:36:39,016 - INFO - Using device: cpu
2025-06-17 13:36:39,016 - INFO - Cost model has 320361 trainable parameters
2025-06-17 13:36:39,016 - INFO - Loading flights from data/cases/LEMD_EGLL\all_routes.csv and creating batches...
2025-06-17 13:36:39,032 - INFO - Created 63 batches of flights.
2025-06-17 13:36:39,032 - INFO - Starting main training loop
2025-06-17 13:36:39,032 - INFO - 
--- Iteration 1/100 ---
2025-06-17 13:36:39,040 - INFO - Processing batch 1/63 with 5 flights
2025-06-17 13:36:39,040 - INFO - Processing flight 344344IBE31HW
2025-06-17 13:36:39,063 - INFO - Running SVI sequentially for flight 344344IBE31HW (debug mode)
2025-06-17 13:37:10,676 - ERROR - Error processing flight 344344IBE31HW: Stop here
2025-06-17 13:37:10,677 - ERROR - Pipeline failed with error: Error processing flight 344344IBE31HW: Stop here
2025-06-17 14:56:06,785 - INFO - Validating batch SGD pipeline implementation...
2025-06-17 14:56:06,790 - INFO - Starting Batch SGD Pipeline for Maximum Entropy Inverse Learning
2025-06-17 14:56:06,790 - INFO - Loading configuration from data/cases/LEMD_EGLL\default.yaml
2025-06-17 14:56:07,941 - INFO - Using device: cpu
2025-06-17 14:56:07,941 - INFO - Cost model has 320361 trainable parameters
2025-06-17 14:56:07,941 - INFO - Loading flights from data/cases/LEMD_EGLL\all_routes.csv and creating batches...
2025-06-17 14:56:07,970 - INFO - Created 63 batches of flights.
2025-06-17 14:56:07,970 - INFO - Starting main training loop
2025-06-17 14:56:07,971 - INFO - 
--- Iteration 1/100 ---
2025-06-17 14:56:07,971 - INFO - Processing batch 1/63 with 5 flights
2025-06-17 14:56:07,972 - INFO - Processing flight 344344IBE31HW
2025-06-17 14:56:08,036 - INFO - Running SVI sequentially for flight 344344IBE31HW (debug mode)
2025-06-17 14:56:37,744 - INFO - Processing flight 345691IBE3170
2025-06-17 14:56:37,811 - INFO - Running SVI sequentially for flight 345691IBE3170 (debug mode)
2025-06-17 14:57:33,910 - INFO - Validating batch SGD pipeline implementation...
2025-06-17 14:57:33,916 - INFO - Starting Batch SGD Pipeline for Maximum Entropy Inverse Learning
2025-06-17 14:57:33,916 - INFO - Loading configuration from data/cases/LEMD_EGLL\default.yaml
2025-06-17 14:57:34,990 - INFO - Using device: cpu
2025-06-17 14:57:34,991 - INFO - Cost model has 320361 trainable parameters
2025-06-17 14:57:34,991 - INFO - Loading flights from data/cases/LEMD_EGLL\all_routes.csv and creating batches...
2025-06-17 14:57:34,997 - INFO - Created 63 batches of flights.
2025-06-17 14:57:34,997 - INFO - Starting main training loop
2025-06-17 14:57:34,997 - INFO - 
--- Iteration 1/100 ---
2025-06-17 14:57:34,998 - INFO - Processing batch 1/63 with 5 flights
2025-06-17 14:57:34,998 - INFO - Processing flight 344344IBE31HW
2025-06-17 14:58:06,661 - INFO - Processing flight 345691IBE3170
2025-06-17 14:58:48,251 - INFO - Validating batch SGD pipeline implementation...
2025-06-17 14:58:48,255 - INFO - Starting Batch SGD Pipeline for Maximum Entropy Inverse Learning
2025-06-17 14:58:48,255 - INFO - Loading configuration from data/cases/LEMD_EGLL\default.yaml
2025-06-17 14:58:49,315 - INFO - Using device: cpu
2025-06-17 14:58:49,315 - INFO - Cost model has 320361 trainable parameters
2025-06-17 14:58:49,315 - INFO - Loading flights from data/cases/LEMD_EGLL\all_routes.csv and creating batches...
2025-06-17 14:58:49,321 - INFO - Created 63 batches of flights.
2025-06-17 14:58:49,321 - INFO - Starting main training loop
2025-06-17 14:58:49,321 - INFO - 
--- Iteration 1/100 ---
2025-06-17 14:58:49,321 - INFO - Processing batch 1/63 with 5 flights
2025-06-17 14:58:49,322 - INFO - Processing flight 344344IBE31HW
2025-06-17 14:59:24,535 - INFO - Processing flight 345691IBE3170
2025-06-17 14:59:55,984 - INFO - Processing flight 345691IBE31FY
2025-06-17 15:00:25,386 - INFO - Processing flight 346147IBE31SE
2025-06-17 15:00:54,532 - INFO - Processing flight 346386IBE31VM
2025-06-17 15:01:20,179 - INFO - Iteration 1 completed:
2025-06-17 15:01:20,179 - INFO -   - Successful flights: 5/5
2025-06-17 15:01:20,179 - INFO -   - Average log likelihood: -18.722558
2025-06-17 15:01:20,179 - INFO -   - Gradient norm: 0.000000
2025-06-17 15:01:20,179 - INFO -   - Processing time: 150.86s
2025-06-17 15:01:20,179 - INFO - 
--- Iteration 2/100 ---
2025-06-17 15:01:20,179 - INFO - Processing batch 2/63 with 5 flights
2025-06-17 15:01:20,180 - INFO - Processing flight 346458IBE31HG
2025-06-17 15:01:47,887 - INFO - Processing flight 34660BIBE3180
2025-06-17 15:02:13,905 - INFO - Validating batch SGD pipeline implementation...
2025-06-17 15:02:13,919 - INFO - Starting Batch SGD Pipeline for Maximum Entropy Inverse Learning
2025-06-17 15:02:13,919 - INFO - Loading configuration from data/cases/LEMD_EGLL\default.yaml
2025-06-17 15:02:17,478 - INFO - Using device: cpu
2025-06-17 15:02:17,478 - INFO - Cost model has 320361 trainable parameters
2025-06-17 15:02:17,479 - INFO - Loading flights from data/cases/LEMD_EGLL\all_routes.csv and creating batches...
2025-06-17 15:02:17,490 - INFO - Created 63 batches of flights.
2025-06-17 15:02:17,490 - INFO - Starting main training loop
2025-06-17 15:02:17,491 - INFO - 
--- Iteration 1/100 ---
2025-06-17 15:02:17,491 - INFO - Processing batch 1/63 with 5 flights
2025-06-17 15:02:17,492 - INFO - Processing flight 344344IBE31HW
2025-06-17 15:02:17,518 - INFO - Running SVI sequentially for flight 344344IBE31HW (debug mode)
2025-06-17 15:02:49,134 - INFO - Validating batch SGD pipeline implementation...
2025-06-17 15:02:49,148 - INFO - Starting Batch SGD Pipeline for Maximum Entropy Inverse Learning
2025-06-17 15:02:49,149 - INFO - Loading configuration from data/cases/LEMD_EGLL\default.yaml
2025-06-17 15:02:52,638 - INFO - Using device: cpu
2025-06-17 15:02:52,638 - INFO - Cost model has 320361 trainable parameters
2025-06-17 15:02:52,639 - INFO - Loading flights from data/cases/LEMD_EGLL\all_routes.csv and creating batches...
2025-06-17 15:02:52,651 - INFO - Created 158 batches of flights.
2025-06-17 15:02:52,651 - INFO - Starting main training loop
2025-06-17 15:02:52,652 - INFO - 
--- Iteration 1/100 ---
2025-06-17 15:02:52,652 - INFO - Processing batch 1/158 with 2 flights
2025-06-17 15:02:52,653 - INFO - Processing flight 344344IBE31HW
2025-06-17 15:02:52,678 - INFO - Running SVI sequentially for flight 344344IBE31HW (debug mode)
2025-06-17 15:03:23,986 - INFO - Processing flight 345691IBE3170
2025-06-17 15:03:24,006 - INFO - Running SVI sequentially for flight 345691IBE3170 (debug mode)
2025-06-17 15:03:50,644 - INFO - Iteration 1 completed:
2025-06-17 15:03:50,645 - INFO -   - Successful flights: 2/2
2025-06-17 15:03:50,646 - INFO -   - Average log likelihood: -20.277870
2025-06-17 15:03:50,646 - INFO -   - Gradient norm: 0.000000
2025-06-17 15:03:50,647 - INFO -   - Processing time: 57.99s
2025-06-17 15:03:50,648 - INFO - 
--- Iteration 2/100 ---
2025-06-17 15:03:50,649 - INFO - Processing batch 2/158 with 2 flights
2025-06-17 15:03:50,653 - INFO - Processing flight 345691IBE31FY
2025-06-17 15:03:50,677 - INFO - Running SVI sequentially for flight 345691IBE31FY (debug mode)
2025-06-17 15:04:27,972 - INFO - Validating batch SGD pipeline implementation...
2025-06-17 15:04:27,983 - INFO - Starting Batch SGD Pipeline for Maximum Entropy Inverse Learning
2025-06-17 15:04:27,983 - INFO - Loading configuration from data/cases/LEMD_EGLL\default.yaml
2025-06-17 15:04:31,537 - INFO - Using device: cpu
2025-06-17 15:04:31,538 - INFO - Cost model has 320361 trainable parameters
2025-06-17 15:04:31,538 - INFO - Loading flights from data/cases/LEMD_EGLL\all_routes.csv and creating batches...
2025-06-17 15:04:31,552 - INFO - Created 315 batches of flights.
2025-06-17 15:04:31,552 - INFO - Starting main training loop
2025-06-17 15:04:31,552 - INFO - 
--- Iteration 1/100 ---
2025-06-17 15:04:31,552 - INFO - Processing batch 1/315 with 1 flights
2025-06-17 15:04:31,554 - INFO - Processing flight 344344IBE31HW
2025-06-17 15:04:31,577 - INFO - Running SVI sequentially for flight 344344IBE31HW (debug mode)
2025-06-17 15:05:01,054 - INFO - Iteration 1 completed:
2025-06-17 15:05:01,056 - INFO -   - Successful flights: 1/1
2025-06-17 15:05:01,056 - INFO -   - Average log likelihood: -20.688142
2025-06-17 15:05:26,200 - INFO - Validating batch SGD pipeline implementation...
2025-06-17 15:05:26,215 - INFO - Starting Batch SGD Pipeline for Maximum Entropy Inverse Learning
2025-06-17 15:05:26,216 - INFO - Loading configuration from data/cases/LEMD_EGLL\default.yaml
2025-06-17 15:05:29,706 - INFO - Using device: cpu
2025-06-17 15:05:29,706 - INFO - Cost model has 320361 trainable parameters
2025-06-17 15:05:29,706 - INFO - Loading flights from data/cases/LEMD_EGLL\all_routes.csv and creating batches...
2025-06-17 15:05:29,720 - INFO - Created 315 batches of flights.
2025-06-17 15:05:29,723 - INFO - Starting main training loop
2025-06-17 15:05:29,725 - INFO - 
--- Iteration 1/100 ---
2025-06-17 15:05:29,725 - INFO - Processing batch 1/315 with 1 flights
2025-06-17 15:05:29,726 - INFO - Processing flight 344344IBE31HW
2025-06-17 15:05:29,751 - INFO - Running SVI sequentially for flight 344344IBE31HW (debug mode)
2025-06-17 15:05:58,878 - INFO - Iteration 1 completed:
2025-06-17 15:05:58,879 - INFO -   - Successful flights: 1/1
2025-06-17 15:05:58,880 - INFO -   - Average log likelihood: -20.688142
2025-06-17 15:06:29,735 - INFO - Validating batch SGD pipeline implementation...
2025-06-17 15:06:29,752 - INFO - Starting Batch SGD Pipeline for Maximum Entropy Inverse Learning
2025-06-17 15:06:29,753 - INFO - Loading configuration from data/cases/LEMD_EGLL\default.yaml
2025-06-17 15:06:33,355 - INFO - Using device: cpu
2025-06-17 15:06:33,355 - INFO - Cost model has 320361 trainable parameters
2025-06-17 15:06:33,355 - INFO - Loading flights from data/cases/LEMD_EGLL\all_routes.csv and creating batches...
2025-06-17 15:06:33,370 - INFO - Created 315 batches of flights.
2025-06-17 15:06:33,371 - INFO - Starting main training loop
2025-06-17 15:06:33,371 - INFO - 
--- Iteration 1/100 ---
2025-06-17 15:06:33,372 - INFO - Processing batch 1/315 with 1 flights
2025-06-17 15:06:33,375 - INFO - Processing flight 344344IBE31HW
2025-06-17 15:06:33,398 - INFO - Running SVI sequentially for flight 344344IBE31HW (debug mode)
2025-06-17 15:07:05,080 - INFO - Iteration 1 completed:
2025-06-17 15:07:05,081 - INFO -   - Successful flights: 1/1
2025-06-17 15:07:05,081 - INFO -   - Average log likelihood: -20.688142
2025-06-17 15:07:27,109 - INFO - Validating batch SGD pipeline implementation...
2025-06-17 15:07:27,126 - INFO - Starting Batch SGD Pipeline for Maximum Entropy Inverse Learning
2025-06-17 15:07:27,127 - INFO - Loading configuration from data/cases/LEMD_EGLL\default.yaml
2025-06-17 15:07:30,617 - INFO - Using device: cpu
2025-06-17 15:07:30,617 - INFO - Cost model has 320361 trainable parameters
2025-06-17 15:07:30,617 - INFO - Loading flights from data/cases/LEMD_EGLL\all_routes.csv and creating batches...
2025-06-17 15:07:30,630 - INFO - Created 315 batches of flights.
2025-06-17 15:07:30,631 - INFO - Starting main training loop
2025-06-17 15:07:30,631 - INFO - 
--- Iteration 1/100 ---
2025-06-17 15:07:30,631 - INFO - Processing batch 1/315 with 1 flights
2025-06-17 15:07:30,632 - INFO - Processing flight 344344IBE31HW
2025-06-17 15:07:30,660 - INFO - Running SVI sequentially for flight 344344IBE31HW (debug mode)
2025-06-17 15:09:59,907 - INFO - Validating batch SGD pipeline implementation...
2025-06-17 15:09:59,916 - INFO - Starting Batch SGD Pipeline for Maximum Entropy Inverse Learning
2025-06-17 15:09:59,916 - INFO - Loading configuration from data/cases/LEMD_EGLL\default.yaml
2025-06-17 15:10:03,441 - INFO - Using device: cpu
2025-06-17 15:10:03,441 - INFO - Cost model has 320361 trainable parameters
2025-06-17 15:10:03,442 - INFO - Loading flights from data/cases/LEMD_EGLL\all_routes.csv and creating batches...
2025-06-17 15:10:03,455 - INFO - Created 315 batches of flights.
2025-06-17 15:10:03,456 - INFO - Starting main training loop
2025-06-17 15:10:03,456 - INFO - 
--- Iteration 1/100 ---
2025-06-17 15:10:03,456 - INFO - Processing batch 1/315 with 1 flights
2025-06-17 15:10:03,459 - INFO - Processing flight 344344IBE31HW
2025-06-17 15:10:03,484 - INFO - Running SVI sequentially for flight 344344IBE31HW (debug mode)
2025-06-17 15:11:33,655 - INFO - Validating batch SGD pipeline implementation...
2025-06-17 15:11:33,664 - INFO - Starting Batch SGD Pipeline for Maximum Entropy Inverse Learning
2025-06-17 15:11:33,664 - INFO - Loading configuration from data/cases/LEMD_EGLL\default.yaml
2025-06-17 15:11:37,180 - INFO - Using device: cpu
2025-06-17 15:11:37,180 - INFO - Cost model has 320361 trainable parameters
2025-06-17 15:11:37,180 - INFO - Loading flights from data/cases/LEMD_EGLL\all_routes.csv and creating batches...
2025-06-17 15:11:37,194 - INFO - Created 315 batches of flights.
2025-06-17 15:11:37,194 - INFO - Starting main training loop
2025-06-17 15:11:37,194 - INFO - 
--- Iteration 1/100 ---
2025-06-17 15:11:37,195 - INFO - Processing batch 1/315 with 1 flights
2025-06-17 15:11:37,196 - INFO - Processing flight 344344IBE31HW
2025-06-17 15:11:37,223 - INFO - Running SVI sequentially for flight 344344IBE31HW (debug mode)
2025-06-17 15:22:35,294 - INFO - Validating batch SGD pipeline implementation...
2025-06-17 15:22:35,294 - INFO - Starting Batch SGD Pipeline for Maximum Entropy Inverse Learning
2025-06-17 15:22:35,294 - INFO - Loading configuration from data/cases/LEMD_EGLL\default.yaml
2025-06-17 15:22:36,348 - INFO - Using device: cpu
2025-06-17 15:22:36,348 - INFO - Cost model has 320361 trainable parameters
2025-06-17 15:22:36,348 - INFO - Loading flights from data/cases/LEMD_EGLL\all_routes.csv and creating batches...
2025-06-17 15:22:36,354 - INFO - Created 63 batches of flights.
2025-06-17 15:22:36,354 - INFO - Starting main training loop
2025-06-17 15:22:36,356 - INFO - 
--- Iteration 1/100 ---
2025-06-17 15:22:36,357 - INFO - Processing batch 1/63 with 5 flights
2025-06-17 15:22:38,853 - INFO - Processing flight 344344IBE31HW
2025-06-17 15:22:38,888 - INFO - Processing flight 345691IBE3170
2025-06-17 15:22:38,902 - INFO - Processing flight 345691IBE31FY
2025-06-17 15:22:38,916 - INFO - Processing flight 346147IBE31SE
2025-06-17 15:22:38,932 - INFO - Processing flight 346386IBE31VM
2025-06-17 15:24:10,164 - WARNING - Gradient size mismatch for flight 345691IBE31FY: expected 320361, got 320356
2025-06-17 15:24:10,726 - WARNING - Gradient size mismatch for flight 345691IBE3170: expected 320361, got 320356
2025-06-17 15:24:10,844 - WARNING - Gradient size mismatch for flight 346386IBE31VM: expected 320361, got 320356
2025-06-17 15:24:12,107 - WARNING - Gradient size mismatch for flight 344344IBE31HW: expected 320361, got 320356
2025-06-17 15:24:13,261 - WARNING - Gradient size mismatch for flight 346147IBE31SE: expected 320361, got 320356
2025-06-17 15:24:13,764 - ERROR - Pipeline failed with error: shape '[566, 566]' is invalid for input of size 320351
2025-06-17 15:35:31,752 - INFO - Validating batch SGD pipeline implementation...
2025-06-17 15:35:31,763 - INFO - Starting Batch SGD Pipeline for Maximum Entropy Inverse Learning
2025-06-17 15:35:31,763 - INFO - Loading configuration from data/cases/LEMD_EGLL\default.yaml
2025-06-17 15:35:32,814 - INFO - Using device: cpu
2025-06-17 15:35:32,816 - INFO - Cost model has 320361 trainable parameters
2025-06-17 15:35:32,816 - INFO - Loading flights from data/cases/LEMD_EGLL\all_routes.csv and creating batches...
2025-06-17 15:35:32,820 - INFO - Created 63 batches of flights.
2025-06-17 15:35:32,820 - INFO - Starting main training loop
2025-06-17 15:35:32,824 - INFO - 
--- Iteration 1/100 ---
2025-06-17 15:35:32,824 - INFO - Processing batch 1/63 with 5 flights
2025-06-17 15:35:35,381 - INFO - Processing flight 344344IBE31HW
2025-06-17 15:35:35,392 - INFO - Processing flight 345691IBE3170
2025-06-17 15:35:35,408 - INFO - Processing flight 345691IBE31FY
2025-06-17 15:35:35,418 - INFO - Processing flight 346147IBE31SE
2025-06-17 15:35:35,438 - INFO - Processing flight 346386IBE31VM
2025-06-17 15:37:42,470 - INFO - Applied gradient update with norm L_inf: 60.859253
2025-06-17 15:37:42,470 - INFO - Iteration 1 completed:
2025-06-17 15:37:42,470 - INFO -   - Successful flights: 5/5
2025-06-17 15:37:42,470 - INFO -   - Average log likelihood: -18.722558
2025-06-17 15:37:42,471 - INFO -   - Gradient norm: 60.859253
2025-06-17 15:37:42,471 - INFO -   - Processing time: 129.65s
2025-06-17 15:37:42,471 - INFO - 
--- Iteration 2/100 ---
2025-06-17 15:37:42,471 - INFO - Processing batch 2/63 with 5 flights
2025-06-17 15:37:42,492 - INFO - Processing flight 346458IBE31HG
2025-06-17 15:37:42,503 - INFO - Processing flight 34660BIBE3180
2025-06-17 15:37:42,514 - INFO - Processing flight 347287IBE31ZF
2025-06-17 15:37:42,527 - INFO - Processing flight 4008ADBAW43M
2025-06-17 15:37:42,541 - INFO - Processing flight 40697CBAW457
2025-06-17 15:39:20,712 - INFO - Applied gradient update with norm L_inf: 61.403542
2025-06-17 15:39:20,713 - INFO - Iteration 2 completed:
2025-06-17 15:39:20,713 - INFO -   - Successful flights: 5/5
2025-06-17 15:39:20,713 - INFO -   - Average log likelihood: -17.905659
2025-06-17 15:39:20,713 - INFO -   - Gradient norm: 61.403542
2025-06-17 15:39:20,713 - INFO -   - Processing time: 98.24s
2025-06-17 15:39:20,713 - INFO - 
--- Iteration 3/100 ---
2025-06-17 15:39:20,714 - INFO - Processing batch 3/63 with 5 flights
2025-06-17 15:39:20,736 - INFO - Processing flight 344346IBE31HW
2025-06-17 15:39:20,749 - INFO - Processing flight 345691IBE3180
2025-06-17 15:39:20,764 - INFO - Processing flight 345691IBE31ZF
2025-06-17 15:39:20,779 - INFO - Processing flight 346045IBE31VM
2025-06-17 15:39:20,793 - INFO - Processing flight 346303IBE31FY
2025-06-17 15:41:13,159 - INFO - Applied gradient update with norm L_inf: 64.206383
2025-06-17 15:41:13,159 - INFO - Iteration 3 completed:
2025-06-17 15:41:13,159 - INFO -   - Successful flights: 5/5
2025-06-17 15:41:13,159 - INFO -   - Average log likelihood: -21.021144
2025-06-17 15:41:13,173 - INFO -   - Gradient norm: 64.206383
2025-06-17 15:41:13,173 - INFO -   - Processing time: 112.45s
2025-06-17 15:41:13,173 - INFO - 
--- Iteration 4/100 ---
2025-06-17 15:41:13,173 - INFO - Processing batch 4/63 with 5 flights
2025-06-17 15:41:13,196 - INFO - Processing flight 346316IBE3170
2025-06-17 15:41:13,205 - INFO - Processing flight 34660BIBE31HG
2025-06-17 15:41:13,207 - INFO - Processing flight 3472CCIBE31SE
2025-06-17 15:41:13,225 - INFO - Processing flight 40093FBAW461M
2025-06-17 15:41:13,245 - INFO - Processing flight 406531BAW465M
2025-06-17 15:43:00,710 - INFO - Applied gradient update with norm L_inf: 62.408379
2025-06-17 15:43:00,710 - INFO - Iteration 4 completed:
2025-06-17 15:43:00,710 - INFO -   - Successful flights: 5/5
2025-06-17 15:43:00,710 - INFO -   - Average log likelihood: -21.342269
2025-06-17 15:43:00,710 - INFO -   - Gradient norm: 62.408379
2025-06-17 15:43:00,722 - INFO -   - Processing time: 107.54s
2025-06-17 15:43:00,722 - INFO - 
--- Iteration 5/100 ---
2025-06-17 15:43:00,722 - INFO - Processing batch 5/63 with 5 flights
2025-06-17 15:43:00,749 - INFO - Processing flight 34520CIBE31HW
2025-06-17 15:43:00,780 - INFO - Processing flight 345691IBE31FY
2025-06-17 15:43:00,793 - INFO - Processing flight 345692IBE31SE
2025-06-17 15:43:00,844 - INFO - Processing flight 407536BAW45EM
2025-06-17 15:43:00,866 - INFO - Processing flight 345691IBE3170
